customer_id,signup_date,plan,region,segment,monthly_spend,support_tickets,days_active,engagement_score,churned,tenure_days,last_activity_date,signup_month,cohort
CUST0001,2024-05-01,Pro,North America,SMB,21.32,0,250,57,0,326,2025-03-23,2024-05,2024-05
CUST0002,2023-03-01,Basic,LATAM,Individual,38.2,1,193,34,0,223,2023-10-10,2023-03,2023-03
CUST0003,2022-08-01,Basic,Asia,SMB,57.78,2,509,37,0,533,2024-01-16,2022-08,2022-08
CUST0004,2023-09-01,Pro,Asia,Enterprise,61.76,1,484,71,1,557,2025-03-11,2023-09,2023-09
CUST0005,2023-07-01,Basic,North America,SMB,9.75,1,404,48,0,427,2024-08-31,2023-07,2023-07
CUST0006,2023-11-01,Basic,North America,Enterprise,53.11,1,249,79,1,313,2024-09-09,2023-11,2023-11
CUST0007,2022-11-01,Enterprise,Europe,SMB,33.89,3,283,40,0,307,2023-09-04,2022-11,2022-11
CUST0008,2022-11-01,Free,Asia,Enterprise,34.24,2,217,36,0,244,2023-07-03,2022-11,2022-11
CUST0009,2023-12-01,Free,Europe,Enterprise,44.08,1,220,37,0,255,2024-08-12,2023-12,2023-12
CUST0010,2024-12-01,Basic,North America,Individual,26.34,0,418,76,0,499,2026-04-14,2024-12,2024-12
CUST0011,2023-12-01,Enterprise,LATAM,Enterprise,54.74,1,244,56,0,249,2024-08-06,2023-12,2023-12
CUST0012,2022-03-01,Free,North America,Individual,60.63,1,404,79,0,469,2023-06-13,2022-03,2022-03
CUST0013,2023-10-01,Free,Africa,Enterprise,61.3,0,115,57,1,181,2024-03-30,2023-10,2023-10
CUST0014,2022-02-01,Free,North America,SMB,5.0,2,503,31,1,574,2023-08-29,2022-02,2022-02
CUST0015,2023-12-01,Free,Asia,Individual,30.87,1,647,94,0,694,2025-10-25,2023-12,2023-12
CUST0016,2024-06-01,Free,North America,SMB,5.0,1,560,92,1,642,2026-03-05,2024-06,2024-06
CUST0017,2022-02-01,Basic,Africa,Enterprise,21.22,2,76,20,1,145,2022-06-26,2022-02,2022-02
CUST0018,2023-09-01,Basic,Europe,Individual,5.0,2,94,77,0,171,2024-02-19,2023-09,2023-09
CUST0019,2024-09-01,Free,North America,SMB,43.1,3,504,22,1,570,2026-03-25,2024-09,2024-09
CUST0020,2022-12-01,Basic,Europe,SMB,38.95,4,175,82,1,222,2023-07-11,2022-12,2022-12
CUST0021,2023-10-01,Free,North America,Enterprise,27.21,1,411,40,0,475,2025-01-18,2023-10,2023-10
CUST0022,2024-01-01,Free,North America,Individual,20.76,1,95,42,0,138,2024-05-18,2024-01,2024-01
CUST0023,2024-03-01,Basic,Africa,Individual,40.65,1,546,28,0,608,2025-10-30,2024-03,2024-03
CUST0024,2024-04-01,Pro,Europe,Individual,16.79,2,122,74,0,167,2024-09-15,2024-04,2024-04
CUST0025,2023-04-01,Free,LATAM,SMB,15.57,2,455,38,1,473,2024-07-17,2023-04,2023-04
CUST0026,2023-03-01,Basic,Asia,SMB,13.36,2,497,81,1,560,2024-09-11,2023-03,2023-03
CUST0027,2022-03-01,Free,Asia,Enterprise,31.33,2,123,58,1,205,2022-09-22,2022-03,2022-03
CUST0028,2025-01-01,Pro,North America,Individual,24.52,0,647,95,1,719,2026-12-21,2025-01,2025-01
CUST0029,2022-07-01,Pro,North America,SMB,28.08,3,162,46,0,232,2023-02-18,2022-07,2022-07
CUST0030,2023-09-01,Basic,LATAM,Individual,44.39,1,463,65,0,512,2025-01-25,2023-09,2023-09
CUST0031,2022-09-01,Free,Africa,Individual,52.34,2,370,53,1,432,2023-11-07,2022-09,2022-09
CUST0032,2023-06-01,Enterprise,North America,SMB,61.11,1,343,52,1,383,2024-06-18,2023-06,2023-06
CUST0033,2022-04-01,Free,North America,SMB,36.08,2,620,69,0,626,2023-12-18,2022-04,2022-04
CUST0034,2024-01-01,Free,Europe,SMB,41.26,1,241,39,1,249,2024-09-06,2024-01,2024-01
CUST0035,2023-02-01,Basic,Africa,Enterprise,38.4,0,549,59,0,552,2024-08-06,2023-02,2023-02
CUST0036,2022-09-01,Free,North America,SMB,5.0,2,188,77,0,276,2023-06-04,2022-09,2022-09
CUST0037,2024-02-01,Enterprise,Europe,Enterprise,28.35,1,297,50,0,345,2025-01-11,2024-02,2024-02
CUST0038,2022-02-01,Pro,LATAM,Enterprise,28.43,1,632,57,0,707,2024-01-09,2022-02,2022-02
CUST0039,2023-08-01,Free,North America,SMB,25.81,5,503,64,1,508,2024-12-21,2023-08,2023-08
CUST0040,2024-04-01,Basic,North America,Enterprise,34.26,1,439,60,0,520,2025-09-03,2024-04,2024-04
CUST0041,2022-07-01,Enterprise,Asia,SMB,31.05,1,503,28,0,523,2023-12-06,2022-07,2022-07
CUST0042,2022-08-01,Pro,Africa,Individual,17.25,5,385,28,1,399,2023-09-04,2022-08,2022-08
CUST0043,2024-11-01,Basic,North America,SMB,32.28,5,222,82,0,288,2025-08-16,2024-11,2024-11
CUST0044,2023-02-01,Enterprise,Europe,Individual,23.5,4,300,98,0,365,2024-02-01,2023-02,2023-02
CUST0045,2023-05-01,Enterprise,Europe,SMB,5.0,2,143,96,0,198,2023-11-15,2023-05,2023-05
CUST0046,2024-12-01,Pro,Europe,SMB,9.85,0,552,41,1,619,2026-08-12,2024-12,2024-12
CUST0047,2022-04-01,Free,Asia,Individual,36.6,1,84,35,1,115,2022-07-25,2022-04,2022-04
CUST0048,2022-02-01,Basic,Europe,Individual,54.65,3,94,51,0,159,2022-07-10,2022-02,2022-02
CUST0049,2022-06-01,Pro,Europe,Enterprise,5.0,3,301,85,0,329,2023-04-26,2022-06,2022-06
CUST0050,2022-04-01,Free,Europe,SMB,19.33,2,531,33,0,596,2023-11-18,2022-04,2022-04
CUST0051,2024-05-01,Pro,Asia,Individual,42.77,1,391,57,0,424,2025-06-29,2024-05,2024-05
CUST0052,2023-06-01,Free,Europe,SMB,50.81,1,175,27,0,201,2023-12-19,2023-06,2023-06
CUST0053,2024-02-01,Free,LATAM,SMB,27.44,2,238,40,1,297,2024-11-24,2024-02,2024-02
CUST0054,2024-10-01,Basic,North America,SMB,22.71,3,315,75,1,353,2025-09-19,2024-10,2024-10
CUST0055,2022-10-01,Free,LATAM,Enterprise,56.95,2,39,65,1,82,2022-12-22,2022-10,2022-10
CUST0056,2024-12-01,Enterprise,LATAM,SMB,49.33,1,215,62,0,296,2025-09-23,2024-12,2024-12
CUST0057,2023-02-01,Pro,North America,Individual,50.46,2,603,65,1,638,2024-10-31,2023-02,2023-02
CUST0058,2024-07-01,Pro,Europe,Enterprise,26.57,3,626,67,0,644,2026-04-06,2024-07,2024-07
CUST0059,2023-03-01,Basic,Europe,Enterprise,55.05,2,493,89,1,537,2024-08-19,2023-03,2023-03
CUST0060,2022-08-01,Free,North America,Individual,5.0,3,163,50,0,246,2023-04-04,2022-08,2022-08
CUST0061,2023-02-01,Basic,Europe,Individual,55.36,2,200,52,0,220,2023-09-09,2023-02,2023-02
CUST0062,2023-11-01,Basic,North America,Individual,33.8,1,242,63,1,264,2024-07-22,2023-11,2023-11
CUST0063,2023-09-01,Basic,North America,SMB,37.32,0,559,90,1,647,2025-06-09,2023-09,2023-09
CUST0064,2023-04-01,Free,LATAM,SMB,17.99,4,531,27,1,557,2024-10-09,2023-04,2023-04
CUST0065,2023-06-01,Basic,North America,SMB,5.0,5,601,92,1,672,2025-04-03,2023-06,2023-06
CUST0066,2023-12-01,Basic,LATAM,Enterprise,36.94,3,629,21,1,647,2025-09-08,2023-12,2023-12
CUST0067,2024-02-01,Enterprise,Europe,SMB,44.93,0,56,36,0,96,2024-05-07,2024-02,2024-02
CUST0068,2024-01-01,Pro,LATAM,Individual,47.65,0,97,71,0,122,2024-05-02,2024-01,2024-01
CUST0069,2024-05-01,Basic,Asia,Individual,45.71,2,437,64,1,464,2025-08-08,2024-05,2024-05
CUST0070,2023-03-01,Basic,North America,Individual,41.63,3,581,56,0,644,2024-12-04,2023-03,2023-03
CUST0071,2022-01-01,Pro,Asia,Individual,18.37,4,138,61,0,205,2022-07-25,2022-01,2022-01
CUST0072,2024-01-01,Free,North America,SMB,48.81,3,103,63,1,182,2024-07-01,2024-01,2024-01
CUST0073,2022-07-01,Pro,Europe,Enterprise,16.36,2,607,57,0,657,2024-04-18,2022-07,2022-07
CUST0074,2022-09-01,Pro,Africa,Individual,54.93,3,291,25,1,364,2023-08-31,2022-09,2022-09
CUST0075,2023-12-01,Basic,North America,SMB,33.49,2,397,87,0,444,2025-02-17,2023-12,2023-12
CUST0076,2022-01-01,Basic,Europe,SMB,34.09,0,266,70,1,275,2022-10-03,2022-01,2022-01
CUST0077,2022-08-01,Free,Asia,Individual,50.59,1,395,54,0,467,2023-11-11,2022-08,2022-08
CUST0078,2023-12-01,Basic,LATAM,Individual,53.03,5,315,77,1,353,2024-11-18,2023-12,2023-12
CUST0079,2022-11-01,Free,Asia,SMB,48.87,4,407,76,0,425,2023-12-31,2022-11,2022-11
CUST0080,2023-05-01,Pro,North America,Individual,20.23,0,405,92,0,468,2024-08-11,2023-05,2023-05
CUST0081,2022-08-01,Free,Asia,Enterprise,48.73,3,648,25,1,666,2024-05-28,2022-08,2022-08
CUST0082,2024-11-01,Free,North America,Individual,20.33,4,105,32,0,180,2025-04-30,2024-11,2024-11
CUST0083,2024-11-01,Enterprise,Asia,Individual,49.18,3,38,78,1,99,2025-02-08,2024-11,2024-11
CUST0084,2024-09-01,Pro,Africa,SMB,9.35,1,225,49,1,237,2025-04-26,2024-09,2024-09
CUST0085,2022-05-01,Free,Asia,Enterprise,33.31,1,319,21,1,343,2023-04-09,2022-05,2022-05
CUST0086,2024-04-01,Free,LATAM,Individual,20.22,1,90,77,0,178,2024-09-26,2024-04,2024-04
CUST0087,2022-07-01,Free,North America,Individual,50.66,0,418,55,1,459,2023-10-03,2022-07,2022-07
CUST0088,2022-09-01,Pro,Asia,Individual,55.07,3,592,91,0,630,2024-05-23,2022-09,2022-09
CUST0089,2022-08-01,Free,LATAM,Individual,38.58,3,593,64,0,622,2024-04-14,2022-08,2022-08
CUST0090,2022-12-01,Basic,North America,Individual,37.99,2,37,28,0,41,2023-01-11,2022-12,2022-12
CUST0091,2024-10-01,Enterprise,LATAM,SMB,47.68,3,398,84,1,478,2026-01-22,2024-10,2024-10
CUST0092,2024-09-01,Free,North America,Individual,55.18,1,74,96,1,91,2024-12-01,2024-09,2024-09
CUST0093,2023-11-01,Pro,Asia,Individual,35.67,1,373,69,0,393,2024-11-28,2023-11,2023-11
CUST0094,2023-12-01,Enterprise,LATAM,Enterprise,26.01,0,404,98,0,489,2025-04-03,2023-12,2023-12
CUST0095,2025-01-01,Free,Asia,Individual,46.65,2,648,51,0,697,2026-11-29,2025-01,2025-01
CUST0096,2024-11-01,Pro,North America,Individual,5.0,4,56,62,1,61,2025-01-01,2024-11,2024-11
CUST0097,2023-10-01,Basic,Asia,Individual,51.37,1,222,97,0,271,2024-06-28,2023-10,2023-10
CUST0098,2024-03-01,Enterprise,Europe,Enterprise,22.22,0,386,73,0,465,2025-06-09,2024-03,2024-03
CUST0099,2024-11-01,Basic,Africa,Individual,30.68,3,91,66,0,156,2025-04-06,2024-11,2024-11
CUST0100,2022-01-01,Pro,Europe,Enterprise,51.49,1,91,33,0,91,2022-04-02,2022-01,2022-01
CUST0101,2024-11-01,Basic,Europe,SMB,27.52,0,451,67,1,507,2026-03-23,2024-11,2024-11
CUST0102,2025-01-01,Pro,Asia,Individual,46.65,0,580,74,0,609,2026-09-02,2025-01,2025-01
CUST0103,2023-02-01,Pro,Europe,Enterprise,55.5,2,409,48,0,466,2024-05-12,2023-02,2023-02
CUST0104,2022-03-01,Basic,Asia,Individual,36.98,2,306,66,1,357,2023-02-21,2022-03,2022-03
CUST0105,2022-01-01,Pro,Asia,Individual,40.61,7,635,82,1,671,2023-11-03,2022-01,2022-01
CUST0106,2022-05-01,Free,LATAM,Enterprise,32.85,3,460,38,1,507,2023-09-20,2022-05,2022-05
CUST0107,2024-02-01,Free,Asia,SMB,37.08,3,144,28,0,230,2024-09-18,2024-02,2024-02
CUST0108,2023-02-01,Free,Europe,SMB,14.9,4,150,56,0,150,2023-07-01,2023-02,2023-02
CUST0109,2024-03-01,Free,North America,Individual,29.71,2,554,71,1,572,2025-09-24,2024-03,2024-03
CUST0110,2022-09-01,Free,North America,SMB,11.81,1,445,76,1,490,2024-01-04,2022-09,2022-09
CUST0111,2023-03-01,Enterprise,North America,SMB,18.82,1,192,47,0,258,2023-11-14,2023-03,2023-03
CUST0112,2023-03-01,Free,North America,Individual,5.0,1,366,55,0,367,2024-03-02,2023-03,2023-03
CUST0113,2024-02-01,Pro,Asia,Individual,39.75,1,408,83,0,463,2025-05-09,2024-02,2024-02
CUST0114,2023-01-01,Free,Asia,Individual,65.45,2,353,37,0,369,2024-01-05,2023-01,2023-01
CUST0115,2024-08-01,Pro,Europe,Individual,26.79,2,202,54,1,283,2025-05-11,2024-08,2024-08
CUST0116,2024-08-01,Enterprise,LATAM,Enterprise,52.37,0,93,87,0,171,2025-01-19,2024-08,2024-08
CUST0117,2022-04-01,Basic,Africa,Individual,55.26,5,130,97,1,151,2022-08-30,2022-04,2022-04
CUST0118,2024-06-01,Pro,LATAM,Enterprise,13.42,2,351,58,1,377,2025-06-13,2024-06,2024-06
CUST0119,2025-01-01,Free,Asia,Individual,17.29,1,95,27,0,149,2025-05-30,2025-01,2025-01
CUST0120,2023-11-01,Pro,Europe,SMB,52.83,3,586,99,0,617,2025-07-10,2023-11,2023-11
CUST0121,2023-03-01,Free,Europe,Individual,33.34,0,628,34,1,687,2025-01-16,2023-03,2023-03
CUST0122,2024-05-01,Enterprise,North America,Individual,11.77,3,487,26,1,569,2025-11-21,2024-05,2024-05
CUST0123,2024-12-01,Free,Europe,Individual,23.54,3,608,36,0,635,2026-08-28,2024-12,2024-12
CUST0124,2023-01-01,Basic,Africa,Individual,42.55,5,482,83,0,509,2024-05-24,2023-01,2023-01
CUST0125,2024-08-01,Pro,LATAM,SMB,20.71,2,288,31,1,361,2025-07-28,2024-08,2024-08
CUST0126,2022-07-01,Free,North America,Enterprise,5.0,0,455,75,0,538,2023-12-21,2022-07,2022-07
CUST0127,2023-10-01,Free,Europe,SMB,29.2,1,207,65,1,231,2024-05-19,2023-10,2023-10
CUST0128,2024-04-01,Free,LATAM,Individual,30.66,3,309,66,0,393,2025-04-29,2024-04,2024-04
CUST0129,2022-02-01,Free,North America,Individual,35.17,4,373,98,1,450,2023-04-27,2022-02,2022-02
CUST0130,2022-06-01,Basic,Europe,Individual,57.66,4,46,35,0,131,2022-10-10,2022-06,2022-06
CUST0131,2024-04-01,Free,LATAM,SMB,35.96,3,325,88,1,350,2025-03-17,2024-04,2024-04
CUST0132,2024-04-01,Basic,Europe,SMB,39.37,1,231,21,1,305,2025-01-31,2024-04,2024-04
CUST0133,2023-08-01,Free,North America,Enterprise,54.0,0,223,73,1,293,2024-05-20,2023-08,2023-08
CUST0134,2024-06-01,Pro,Europe,Individual,35.19,1,178,46,0,194,2024-12-12,2024-06,2024-06
CUST0135,2022-11-01,Free,LATAM,SMB,73.46,0,404,50,1,485,2024-02-29,2022-11,2022-11
CUST0136,2024-04-01,Free,Asia,SMB,12.25,2,64,60,1,70,2024-06-10,2024-04,2024-04
CUST0137,2024-01-01,Free,North America,SMB,18.19,3,398,55,1,453,2025-03-29,2024-01,2024-01
CUST0138,2024-09-01,Basic,Europe,SMB,46.05,1,58,66,0,121,2024-12-31,2024-09,2024-09
CUST0139,2022-01-01,Pro,Europe,SMB,57.58,3,250,62,0,269,2022-09-27,2022-01,2022-01
CUST0140,2024-03-01,Basic,Asia,SMB,31.39,1,82,84,1,119,2024-06-28,2024-03,2024-03
CUST0141,2023-01-01,Free,LATAM,Individual,16.81,3,382,69,1,456,2024-04-01,2023-01,2023-01
CUST0142,2022-03-01,Pro,North America,SMB,66.7,3,421,20,0,478,2023-06-22,2022-03,2022-03
CUST0143,2022-06-01,Pro,LATAM,Individual,20.74,4,105,91,0,120,2022-09-29,2022-06,2022-06
CUST0144,2022-08-01,Free,North America,SMB,41.1,2,523,76,0,573,2024-02-25,2022-08,2022-08
CUST0145,2024-03-01,Pro,Europe,Individual,58.65,1,551,35,1,577,2025-09-29,2024-03,2024-03
CUST0146,2022-09-01,Enterprise,North America,SMB,27.05,3,146,47,0,196,2023-03-16,2022-09,2022-09
CUST0147,2025-01-01,Free,Europe,Enterprise,23.8,1,309,41,0,383,2026-01-19,2025-01,2025-01
CUST0148,2024-09-01,Pro,Europe,Enterprise,25.03,4,204,60,0,219,2025-04-08,2024-09,2024-09
CUST0149,2023-12-01,Pro,Europe,Enterprise,51.23,1,324,95,0,410,2025-01-14,2023-12,2023-12
CUST0150,2023-03-01,Basic,North America,SMB,54.08,1,480,38,1,539,2024-08-21,2023-03,2023-03
CUST0151,2024-08-01,Free,Asia,SMB,35.61,3,547,69,0,622,2026-04-15,2024-08,2024-08
CUST0152,2024-08-01,Free,North America,SMB,68.9,0,50,78,1,89,2024-10-29,2024-08,2024-08
CUST0153,2023-12-01,Pro,LATAM,Enterprise,35.58,1,102,88,1,168,2024-05-17,2023-12,2023-12
CUST0154,2022-12-01,Enterprise,Africa,Individual,58.26,3,65,53,0,66,2023-02-05,2022-12,2022-12
CUST0155,2022-02-01,Pro,Europe,Enterprise,27.22,1,536,58,0,583,2023-09-07,2022-02,2022-02
CUST0156,2022-03-01,Basic,Europe,Enterprise,77.01,1,262,93,0,313,2023-01-08,2022-03,2022-03
CUST0157,2025-01-01,Basic,Europe,SMB,63.26,4,526,26,1,549,2026-07-04,2025-01,2025-01
CUST0158,2023-05-01,Basic,North America,Individual,32.7,0,235,71,1,318,2024-03-14,2023-05,2023-05
CUST0159,2022-02-01,Basic,Europe,Individual,60.82,2,455,79,0,536,2023-07-22,2022-02,2022-02
CUST0160,2022-02-01,Free,LATAM,Enterprise,59.91,4,73,71,0,150,2022-07-01,2022-02,2022-02
CUST0161,2024-04-01,Pro,Asia,Individual,62.95,2,120,98,0,201,2024-10-19,2024-04,2024-04
CUST0162,2023-11-01,Basic,North America,Enterprise,5.0,2,499,43,0,500,2025-03-15,2023-11,2023-11
CUST0163,2025-01-01,Pro,LATAM,SMB,47.95,2,634,45,0,698,2026-11-30,2025-01,2025-01
CUST0164,2024-08-01,Free,Europe,Individual,44.76,1,496,29,0,515,2025-12-29,2024-08,2024-08
CUST0165,2024-09-01,Free,LATAM,Enterprise,43.48,1,483,36,1,516,2026-01-30,2024-09,2024-09
CUST0166,2022-01-01,Free,Asia,SMB,38.93,2,624,97,0,664,2023-10-27,2022-01,2022-01
CUST0167,2023-07-01,Basic,Asia,SMB,39.46,2,362,21,0,402,2024-08-06,2023-07,2023-07
CUST0168,2022-02-01,Enterprise,North America,SMB,58.1,2,536,96,1,610,2023-10-04,2022-02,2022-02
CUST0169,2024-02-01,Free,North America,Individual,44.71,0,499,46,1,521,2025-07-06,2024-02,2024-02
CUST0170,2024-08-01,Pro,Africa,SMB,38.9,2,50,92,1,87,2024-10-27,2024-08,2024-08
CUST0171,2022-06-01,Basic,North America,Individual,55.51,3,257,90,0,300,2023-03-28,2022-06,2022-06
CUST0172,2024-08-01,Pro,Africa,Enterprise,42.52,0,405,67,0,471,2025-11-15,2024-08,2024-08
CUST0173,2022-04-01,Free,Europe,Enterprise,44.24,3,159,93,1,220,2022-11-07,2022-04,2022-04
CUST0174,2022-11-01,Pro,North America,Individual,68.61,2,649,28,1,660,2024-08-22,2022-11,2022-11
CUST0175,2023-05-01,Pro,North America,SMB,27.18,3,443,42,0,472,2024-08-15,2023-05,2023-05
CUST0176,2023-12-01,Free,North America,SMB,7.72,1,100,90,1,186,2024-06-04,2023-12,2023-12
CUST0177,2022-05-01,Free,Africa,Individual,36.3,3,433,92,1,497,2023-09-10,2022-05,2022-05
CUST0178,2024-10-01,Pro,Europe,Enterprise,38.86,2,591,46,0,631,2026-06-24,2024-10,2024-10
CUST0179,2022-06-01,Enterprise,Europe,Individual,47.99,2,636,90,0,655,2024-03-17,2022-06,2022-06
CUST0180,2023-10-01,Free,Europe,Individual,36.93,3,426,62,1,431,2024-12-05,2023-10,2023-10
CUST0181,2022-11-01,Pro,North America,SMB,48.59,1,366,26,0,440,2024-01-15,2022-11,2022-11
CUST0182,2023-04-01,Enterprise,Europe,SMB,80.08,2,534,82,0,537,2024-09-19,2023-04,2023-04
CUST0183,2024-09-01,Pro,North America,SMB,49.43,1,305,63,1,314,2025-07-12,2024-09,2024-09
CUST0184,2022-09-01,Enterprise,LATAM,SMB,52.59,0,42,58,1,92,2022-12-02,2022-09,2022-09
CUST0185,2022-06-01,Pro,Europe,SMB,32.67,0,32,59,0,69,2022-08-09,2022-06,2022-06
CUST0186,2023-04-01,Basic,Europe,SMB,10.07,1,253,26,0,253,2023-12-10,2023-04,2023-04
CUST0187,2024-05-01,Free,Europe,Individual,5.0,3,204,89,0,211,2024-11-28,2024-05,2024-05
CUST0188,2022-03-01,Free,Europe,Individual,25.66,1,414,44,0,494,2023-07-08,2022-03,2022-03
CUST0189,2023-08-01,Pro,Africa,Individual,5.0,2,631,78,0,713,2025-07-14,2023-08,2023-08
CUST0190,2024-12-01,Pro,Europe,Individual,44.24,0,270,32,0,332,2025-10-29,2024-12,2024-12
CUST0191,2023-07-01,Free,North America,SMB,28.11,0,576,81,1,608,2025-02-28,2023-07,2023-07
CUST0192,2024-02-01,Pro,Asia,Individual,11.36,0,43,27,0,57,2024-03-29,2024-02,2024-02
CUST0193,2022-03-01,Pro,North America,Individual,37.36,2,224,64,0,254,2022-11-10,2022-03,2022-03
CUST0194,2023-07-01,Basic,North America,Individual,21.7,4,426,37,1,446,2024-09-19,2023-07,2023-07
CUST0195,2023-08-01,Basic,Africa,Enterprise,43.11,2,460,79,0,462,2024-11-05,2023-08,2023-08
CUST0196,2024-08-01,Basic,LATAM,Enterprise,47.74,3,335,79,0,400,2025-09-05,2024-08,2024-08
CUST0197,2022-07-01,Free,Africa,SMB,22.37,0,363,21,1,397,2023-08-02,2022-07,2022-07
CUST0198,2024-09-01,Free,Europe,Enterprise,30.73,1,439,85,0,479,2025-12-24,2024-09,2024-09
CUST0199,2023-06-01,Free,Europe,SMB,38.87,2,32,33,1,90,2023-08-30,2023-06,2023-06
CUST0200,2022-01-01,Free,North America,SMB,9.67,2,581,67,0,596,2023-08-20,2022-01,2022-01
CUST0201,2022-11-01,Basic,North America,Individual,38.87,6,481,75,1,536,2024-04-20,2022-11,2022-11
CUST0202,2024-04-01,Basic,LATAM,SMB,9.24,3,524,31,1,568,2025-10-21,2024-04,2024-04
CUST0203,2024-01-01,Free,Europe,SMB,45.18,2,446,74,0,504,2025-05-19,2024-01,2024-01
CUST0204,2023-11-01,Pro,LATAM,SMB,27.17,2,420,47,0,469,2025-02-12,2023-11,2023-11
CUST0205,2024-07-01,Free,Asia,SMB,9.14,2,402,23,1,486,2025-10-30,2024-07,2024-07
CUST0206,2024-06-01,Enterprise,North America,SMB,24.56,2,81,55,0,92,2024-09-01,2024-06,2024-06
CUST0207,2024-11-01,Enterprise,Europe,SMB,25.32,3,405,69,0,416,2025-12-22,2024-11,2024-11
CUST0208,2022-07-01,Free,Asia,Enterprise,54.23,1,424,22,0,456,2023-09-30,2022-07,2022-07
CUST0209,2023-04-01,Basic,North America,Individual,38.12,1,171,20,0,254,2023-12-11,2023-04,2023-04
CUST0210,2024-02-01,Free,LATAM,SMB,17.79,1,115,36,0,163,2024-07-13,2024-02,2024-02
CUST0211,2022-02-01,Basic,Europe,SMB,64.68,2,493,90,1,513,2023-06-29,2022-02,2022-02
CUST0212,2022-01-01,Basic,North America,SMB,46.28,0,75,81,0,134,2022-05-15,2022-01,2022-01
CUST0213,2022-12-01,Free,Asia,SMB,28.95,2,267,67,0,318,2023-10-15,2022-12,2022-12
CUST0214,2022-05-01,Basic,Africa,Individual,7.03,2,39,81,1,92,2022-08-01,2022-05,2022-05
CUST0215,2025-01-01,Free,North America,SMB,27.36,1,602,88,1,640,2026-10-03,2025-01,2025-01
CUST0216,2024-08-01,Free,LATAM,Individual,31.03,4,559,38,0,607,2026-03-31,2024-08,2024-08
CUST0217,2022-09-01,Pro,North America,SMB,41.64,1,627,53,0,690,2024-07-22,2022-09,2022-09
CUST0218,2024-11-01,Free,LATAM,SMB,45.93,0,645,68,0,720,2026-10-22,2024-11,2024-11
CUST0219,2023-07-01,Basic,Asia,SMB,49.52,2,207,99,1,232,2024-02-18,2023-07,2023-07
CUST0220,2023-04-01,Basic,Europe,Individual,5.99,2,35,66,1,105,2023-07-15,2023-04,2023-04
CUST0221,2022-03-01,Enterprise,Europe,SMB,38.75,0,336,69,0,342,2023-02-06,2022-03,2022-03
CUST0222,2023-08-01,Free,LATAM,Individual,32.13,2,577,45,1,648,2025-05-10,2023-08,2023-08
CUST0223,2023-12-01,Basic,Europe,Enterprise,83.2,5,356,75,0,417,2025-01-21,2023-12,2023-12
CUST0224,2024-09-01,Pro,Asia,Enterprise,36.16,1,385,97,1,474,2025-12-19,2024-09,2024-09
CUST0225,2023-12-01,Basic,North America,Enterprise,23.79,0,424,33,0,511,2025-04-25,2023-12,2023-12
CUST0226,2022-11-01,Enterprise,LATAM,SMB,36.99,3,329,97,0,352,2023-10-19,2022-11,2022-11
CUST0227,2022-08-01,Pro,Asia,SMB,34.85,6,555,44,0,594,2024-03-17,2022-08,2022-08
CUST0228,2024-12-01,Pro,Africa,Individual,5.0,2,314,23,0,389,2025-12-25,2024-12,2024-12
CUST0229,2023-08-01,Pro,North America,Individual,42.35,1,359,98,0,405,2024-09-09,2023-08,2023-08
CUST0230,2024-11-01,Enterprise,Asia,SMB,29.41,3,79,51,0,86,2025-01-26,2024-11,2024-11
CUST0231,2024-01-01,Enterprise,Asia,SMB,34.52,2,407,97,0,460,2025-04-05,2024-01,2024-01
CUST0232,2024-11-01,Pro,Europe,Enterprise,19.28,1,629,84,0,637,2026-07-31,2024-11,2024-11
CUST0233,2024-01-01,Pro,Europe,Individual,15.31,2,567,80,1,569,2025-07-23,2024-01,2024-01
CUST0234,2024-05-01,Free,North America,Enterprise,50.82,3,173,39,0,226,2024-12-13,2024-05,2024-05
CUST0235,2023-06-01,Free,Asia,SMB,54.95,2,89,93,0,109,2023-09-18,2023-06,2023-06
CUST0236,2023-06-01,Basic,Europe,SMB,42.53,3,104,29,0,151,2023-10-30,2023-06,2023-06
CUST0237,2022-02-01,Free,North America,Individual,5.0,2,32,53,0,78,2022-04-20,2022-02,2022-02
CUST0238,2024-11-01,Basic,Asia,Individual,43.7,0,604,80,0,691,2026-09-23,2024-11,2024-11
CUST0239,2023-04-01,Free,Europe,SMB,5.0,4,477,46,1,544,2024-09-26,2023-04,2023-04
CUST0240,2024-12-01,Free,North America,SMB,23.1,2,304,59,0,387,2025-12-23,2024-12,2024-12
CUST0241,2024-09-01,Pro,Africa,Individual,50.58,1,559,84,0,621,2026-05-15,2024-09,2024-09
CUST0242,2022-04-01,Enterprise,Africa,SMB,46.84,2,621,52,0,636,2023-12-28,2022-04,2022-04
CUST0243,2024-09-01,Free,Europe,Enterprise,43.23,0,244,87,1,317,2025-07-15,2024-09,2024-09
CUST0244,2023-02-01,Basic,North America,Enterprise,58.63,1,514,90,0,603,2024-09-26,2023-02,2023-02
CUST0245,2023-09-01,Pro,LATAM,Enterprise,45.08,2,358,28,1,362,2024-08-28,2023-09,2023-09
CUST0246,2023-08-01,Free,Europe,Individual,5.0,1,284,35,0,294,2024-05-21,2023-08,2023-08
CUST0247,2022-08-01,Pro,Europe,Individual,28.35,1,416,24,1,444,2023-10-19,2022-08,2022-08
CUST0248,2022-07-01,Basic,Europe,SMB,34.25,1,155,42,1,233,2023-02-19,2022-07,2022-07
CUST0249,2022-03-01,Free,Europe,Individual,32.14,0,613,62,0,682,2024-01-12,2022-03,2022-03
CUST0250,2023-05-01,Enterprise,Asia,Individual,23.89,0,579,76,0,626,2025-01-16,2023-05,2023-05
CUST0251,2024-09-01,Free,Europe,Individual,16.46,2,353,70,1,367,2025-09-03,2024-09,2024-09
CUST0252,2022-12-01,Pro,Asia,Individual,78.21,1,233,32,1,316,2023-10-13,2022-12,2022-12
CUST0253,2023-10-01,Pro,Africa,Individual,28.0,3,201,43,0,234,2024-05-22,2023-10,2023-10
CUST0254,2023-10-01,Free,Europe,Individual,77.33,3,246,30,1,305,2024-08-01,2023-10,2023-10
CUST0255,2024-06-01,Pro,Asia,Individual,14.46,0,274,71,0,335,2025-05-02,2024-06,2024-06
CUST0256,2022-08-01,Enterprise,LATAM,Individual,46.83,0,365,36,0,366,2023-08-02,2022-08,2022-08
CUST0257,2024-03-01,Free,Europe,SMB,39.13,3,327,56,0,406,2025-04-11,2024-03,2024-03
CUST0258,2024-03-01,Pro,Europe,SMB,18.4,4,211,32,0,229,2024-10-16,2024-03,2024-03
CUST0259,2024-10-01,Basic,Asia,SMB,26.58,2,363,81,0,411,2025-11-16,2024-10,2024-10
CUST0260,2023-09-01,Basic,Asia,Individual,34.73,1,540,27,0,617,2025-05-10,2023-09,2023-09
CUST0261,2024-06-01,Basic,LATAM,Individual,19.81,0,412,75,0,499,2025-10-13,2024-06,2024-06
CUST0262,2024-09-01,Free,Europe,SMB,30.39,4,228,89,0,255,2025-05-14,2024-09,2024-09
CUST0263,2024-04-01,Enterprise,Africa,SMB,5.0,1,361,63,0,408,2025-05-14,2024-04,2024-04
CUST0264,2024-09-01,Enterprise,North America,SMB,47.81,2,194,79,0,230,2025-04-19,2024-09,2024-09
CUST0265,2022-05-01,Basic,North America,Individual,57.09,4,271,60,0,344,2023-04-10,2022-05,2022-05
CUST0266,2023-07-01,Pro,Asia,Enterprise,43.18,3,256,40,0,304,2024-04-30,2023-07,2023-07
CUST0267,2022-04-01,Basic,North America,Individual,75.76,1,585,61,0,632,2023-12-24,2022-04,2022-04
CUST0268,2024-11-01,Basic,North America,SMB,47.28,0,480,93,0,552,2026-05-07,2024-11,2024-11
CUST0269,2023-05-01,Pro,Europe,SMB,55.57,1,225,93,0,312,2024-03-08,2023-05,2023-05
CUST0270,2024-04-01,Basic,North America,SMB,57.29,2,233,48,1,261,2024-12-18,2024-04,2024-04
CUST0271,2024-06-01,Basic,North America,Individual,5.0,2,487,99,1,546,2025-11-29,2024-06,2024-06
CUST0272,2024-05-01,Pro,Africa,Individual,42.63,0,286,84,0,314,2025-03-11,2024-05,2024-05
CUST0273,2022-06-01,Basic,North America,SMB,10.11,0,558,36,0,615,2024-02-06,2022-06,2022-06
CUST0274,2024-11-01,Free,Asia,Individual,13.74,2,301,49,1,348,2025-10-15,2024-11,2024-11
CUST0275,2025-01-01,Free,LATAM,Individual,16.87,3,38,45,1,60,2025-03-02,2025-01,2025-01
CUST0276,2023-12-01,Basic,Africa,Individual,29.37,1,230,72,0,256,2024-08-13,2023-12,2023-12
CUST0277,2024-05-01,Pro,North America,Enterprise,46.71,3,88,38,0,94,2024-08-03,2024-05,2024-05
CUST0278,2024-07-01,Basic,LATAM,Individual,42.81,1,422,72,1,470,2025-10-14,2024-07,2024-07
CUST0279,2024-11-01,Pro,Europe,Enterprise,34.77,1,148,36,1,201,2025-05-21,2024-11,2024-11
CUST0280,2024-09-01,Basic,Asia,SMB,48.01,7,582,65,0,649,2026-06-12,2024-09,2024-09
CUST0281,2023-09-01,Basic,Asia,Enterprise,49.1,0,428,72,0,505,2025-01-18,2023-09,2023-09
CUST0282,2024-08-01,Free,LATAM,Enterprise,42.97,0,360,83,0,401,2025-09-06,2024-08,2024-08
CUST0283,2023-11-01,Basic,Europe,SMB,5.0,3,296,64,1,369,2024-11-04,2023-11,2023-11
CUST0284,2024-09-01,Pro,Asia,Individual,21.69,1,549,68,1,607,2026-05-01,2024-09,2024-09
CUST0285,2022-03-01,Pro,Europe,Individual,35.47,1,509,38,1,552,2023-09-04,2022-03,2022-03
CUST0286,2023-06-01,Basic,LATAM,Individual,48.2,3,163,90,0,188,2023-12-06,2023-06,2023-06
CUST0287,2024-01-01,Free,Africa,SMB,11.09,1,384,84,0,406,2025-02-10,2024-01,2024-01
CUST0288,2024-07-01,Free,North America,Individual,34.8,1,613,56,0,685,2026-05-17,2024-07,2024-07
CUST0289,2022-03-01,Free,Africa,Individual,6.82,4,527,89,0,534,2023-08-17,2022-03,2022-03
CUST0290,2023-12-01,Pro,North America,Individual,53.47,1,136,45,0,188,2024-06-06,2023-12,2023-12
CUST0291,2024-08-01,Free,North America,Enterprise,39.36,2,319,21,1,332,2025-06-29,2024-08,2024-08
CUST0292,2023-10-01,Basic,North America,Individual,10.77,2,176,78,0,246,2024-06-03,2023-10,2023-10
CUST0293,2023-11-01,Basic,Europe,Individual,10.65,2,356,24,0,362,2024-10-28,2023-11,2023-11
CUST0294,2022-02-01,Free,Asia,Individual,41.97,2,444,56,1,452,2023-04-29,2022-02,2022-02
CUST0295,2024-03-01,Basic,North America,Enterprise,59.75,1,239,50,0,241,2024-10-28,2024-03,2024-03
CUST0296,2022-02-01,Free,North America,SMB,15.26,2,325,95,1,402,2023-03-10,2022-02,2022-02
CUST0297,2024-02-01,Basic,Africa,Individual,49.16,1,427,67,0,443,2025-04-19,2024-02,2024-02
CUST0298,2023-05-01,Free,LATAM,Individual,25.24,1,132,25,0,175,2023-10-23,2023-05,2023-05
CUST0299,2024-09-01,Pro,LATAM,Individual,49.82,0,537,34,1,622,2026-05-16,2024-09,2024-09
CUST0300,2022-09-01,Free,LATAM,Individual,47.3,1,238,34,0,283,2023-06-11,2022-09,2022-09
CUST0301,2024-05-01,Enterprise,Asia,Enterprise,37.8,2,457,80,1,546,2025-10-29,2024-05,2024-05
CUST0302,2024-02-01,Basic,North America,SMB,5.0,3,422,35,1,479,2025-05-25,2024-02,2024-02
CUST0303,2024-11-01,Pro,Europe,SMB,47.26,0,138,39,1,165,2025-04-15,2024-11,2024-11
CUST0304,2024-01-01,Basic,Asia,Enterprise,44.04,2,377,96,0,390,2025-01-25,2024-01,2024-01
CUST0305,2023-12-01,Pro,North America,Individual,42.39,0,79,63,1,87,2024-02-26,2023-12,2023-12
CUST0306,2023-01-01,Pro,Asia,SMB,38.52,2,134,61,0,159,2023-06-09,2023-01,2023-01
CUST0307,2022-07-01,Basic,North America,Enterprise,19.18,4,449,65,0,450,2023-09-24,2022-07,2022-07
CUST0308,2024-12-01,Basic,Europe,Individual,54.49,2,402,53,0,476,2026-03-22,2024-12,2024-12
CUST0309,2023-08-01,Basic,Europe,SMB,51.17,1,56,83,0,136,2023-12-15,2023-08,2023-08
CUST0310,2022-01-01,Basic,Asia,Individual,15.64,1,302,48,1,335,2022-12-02,2022-01,2022-01
CUST0311,2022-08-01,Free,Asia,Individual,58.66,3,369,22,0,387,2023-08-23,2022-08,2022-08
CUST0312,2023-04-01,Basic,Asia,Individual,37.37,2,330,28,0,368,2024-04-03,2023-04,2023-04
CUST0313,2023-02-01,Basic,North America,Individual,37.32,1,509,94,1,590,2024-09-13,2023-02,2023-02
CUST0314,2022-12-01,Basic,North America,SMB,31.83,3,573,94,0,585,2024-07-08,2022-12,2022-12
CUST0315,2023-11-01,Pro,LATAM,Enterprise,33.6,2,586,44,0,590,2025-06-13,2023-11,2023-11
CUST0316,2023-03-01,Pro,Asia,SMB,59.68,1,294,61,0,343,2024-02-07,2023-03,2023-03
CUST0317,2024-04-01,Enterprise,North America,Enterprise,53.6,2,571,65,1,593,2025-11-15,2024-04,2024-04
CUST0318,2024-10-01,Free,LATAM,Enterprise,53.21,1,625,92,0,712,2026-09-13,2024-10,2024-10
CUST0319,2022-02-01,Basic,North America,Individual,38.32,2,195,78,1,223,2022-09-12,2022-02,2022-02
CUST0320,2024-08-01,Basic,Europe,SMB,51.01,0,345,40,0,416,2025-09-21,2024-08,2024-08
CUST0321,2023-11-01,Basic,North America,Individual,19.98,3,30,93,0,55,2023-12-26,2023-11,2023-11
CUST0322,2023-10-01,Pro,Asia,SMB,45.5,3,290,41,1,368,2024-10-03,2023-10,2023-10
CUST0323,2024-01-01,Free,Asia,Enterprise,32.24,1,92,48,0,148,2024-05-28,2024-01,2024-01
CUST0324,2023-10-01,Pro,North America,Individual,5.0,1,512,82,0,512,2025-02-24,2023-10,2023-10
CUST0325,2023-10-01,Basic,LATAM,SMB,6.45,0,350,92,0,377,2024-10-12,2023-10,2023-10
CUST0326,2022-06-01,Basic,Europe,SMB,23.07,2,230,80,0,291,2023-03-19,2022-06,2022-06
CUST0327,2023-03-01,Basic,North America,SMB,42.47,0,251,83,0,297,2023-12-23,2023-03,2023-03
CUST0328,2025-01-01,Basic,North America,Individual,23.08,3,181,88,0,258,2025-09-16,2025-01,2025-01
CUST0329,2024-09-01,Basic,North America,Individual,24.36,0,491,59,0,549,2026-03-04,2024-09,2024-09
CUST0330,2022-08-01,Basic,North America,Individual,48.74,1,246,94,1,276,2023-05-04,2022-08,2022-08
CUST0331,2022-05-01,Free,Asia,Individual,25.01,2,225,20,0,294,2023-02-19,2022-05,2022-05
CUST0332,2022-04-01,Basic,LATAM,Individual,58.95,4,231,84,0,279,2023-01-05,2022-04,2022-04
CUST0333,2022-06-01,Free,Europe,SMB,55.97,1,263,81,1,267,2023-02-23,2022-06,2022-06
CUST0334,2024-08-01,Basic,North America,Individual,35.39,4,170,73,0,200,2025-02-17,2024-08,2024-08
CUST0335,2024-06-01,Basic,North America,Enterprise,48.56,0,527,79,0,563,2025-12-16,2024-06,2024-06
CUST0336,2024-11-01,Basic,North America,SMB,46.11,1,584,65,0,662,2026-08-25,2024-11,2024-11
CUST0337,2023-04-01,Pro,Europe,SMB,30.58,2,86,24,0,100,2023-07-10,2023-04,2023-04
CUST0338,2023-01-01,Free,LATAM,Individual,50.51,0,533,41,0,584,2024-08-07,2023-01,2023-01
CUST0339,2024-06-01,Pro,North America,SMB,53.16,1,171,72,0,239,2025-01-26,2024-06,2024-06
CUST0340,2023-07-01,Free,Asia,Enterprise,17.86,4,613,89,1,623,2025-03-15,2023-07,2023-07
CUST0341,2023-05-01,Basic,LATAM,Individual,37.76,1,568,51,0,610,2024-12-31,2023-05,2023-05
CUST0342,2023-07-01,Pro,Europe,Individual,37.57,1,135,30,0,204,2024-01-21,2023-07,2023-07
CUST0343,2024-04-01,Free,LATAM,SMB,50.29,4,194,29,0,216,2024-11-03,2024-04,2024-04
CUST0344,2024-02-01,Basic,Asia,Individual,27.01,0,244,58,0,283,2024-11-10,2024-02,2024-02
CUST0345,2025-01-01,Basic,Asia,Individual,24.24,3,100,50,1,162,2025-06-12,2025-01,2025-01
CUST0346,2024-02-01,Basic,Europe,Individual,38.04,3,608,31,0,609,2025-10-02,2024-02,2024-02
CUST0347,2023-11-01,Free,Europe,Individual,56.26,0,119,99,0,197,2024-05-16,2023-11,2023-11
CUST0348,2022-09-01,Free,North America,SMB,13.41,4,257,57,0,343,2023-08-10,2022-09,2022-09
CUST0349,2022-12-01,Pro,Europe,Individual,16.55,2,108,86,0,193,2023-06-12,2022-12,2022-12
CUST0350,2022-01-01,Basic,North America,Enterprise,25.63,2,637,85,1,709,2023-12-11,2022-01,2022-01
CUST0351,2022-01-01,Free,Asia,SMB,28.83,1,378,71,0,424,2023-03-01,2022-01,2022-01
CUST0352,2024-10-01,Basic,North America,SMB,5.0,2,275,24,1,304,2025-08-01,2024-10,2024-10
CUST0353,2024-08-01,Pro,Africa,SMB,61.97,0,301,30,1,316,2025-06-13,2024-08,2024-08
CUST0354,2024-01-01,Free,Asia,Enterprise,32.65,3,432,44,1,490,2025-05-05,2024-01,2024-01
CUST0355,2022-01-01,Basic,Europe,Individual,29.96,1,145,54,0,191,2022-07-11,2022-01,2022-01
CUST0356,2023-04-01,Basic,North America,Enterprise,64.21,3,464,54,0,493,2024-08-06,2023-04,2023-04
CUST0357,2022-05-01,Enterprise,LATAM,SMB,47.92,2,559,41,0,567,2023-11-19,2022-05,2022-05
CUST0358,2023-10-01,Free,LATAM,SMB,25.36,0,471,56,1,535,2025-03-19,2023-10,2023-10
CUST0359,2024-05-01,Basic,Asia,SMB,37.96,3,201,74,1,259,2025-01-15,2024-05,2024-05
CUST0360,2022-03-01,Basic,North America,Individual,34.25,2,45,94,1,108,2022-06-17,2022-03,2022-03
CUST0361,2022-12-01,Basic,Europe,Individual,61.07,1,85,91,0,92,2023-03-03,2022-12,2022-12
CUST0362,2024-02-01,Basic,North America,SMB,31.99,2,620,83,0,671,2025-12-03,2024-02,2024-02
CUST0363,2023-04-01,Basic,North America,Individual,9.04,0,132,39,0,149,2023-08-28,2023-04,2023-04
CUST0364,2025-01-01,Pro,LATAM,SMB,5.0,2,313,23,1,394,2026-01-30,2025-01,2025-01
CUST0365,2023-10-01,Pro,Asia,Individual,61.55,4,546,37,1,603,2025-05-26,2023-10,2023-10
CUST0366,2024-05-01,Basic,Asia,Individual,20.8,1,647,70,0,695,2026-03-27,2024-05,2024-05
CUST0367,2023-02-01,Pro,LATAM,Individual,47.06,2,307,87,0,338,2024-01-05,2023-02,2023-02
CUST0368,2024-04-01,Basic,Asia,Individual,36.29,1,641,39,1,688,2026-02-18,2024-04,2024-04
CUST0369,2022-05-01,Basic,Europe,SMB,27.5,2,298,28,1,342,2023-04-08,2022-05,2022-05
CUST0370,2024-06-01,Free,Europe,Individual,30.32,2,429,99,0,482,2025-09-26,2024-06,2024-06
CUST0371,2022-05-01,Enterprise,Africa,Enterprise,63.5,3,532,45,1,616,2024-01-07,2022-05,2022-05
CUST0372,2022-12-01,Free,North America,SMB,8.93,2,115,44,1,160,2023-05-10,2022-12,2022-12
CUST0373,2023-04-01,Free,Africa,Individual,28.04,0,349,87,1,379,2024-04-14,2023-04,2023-04
CUST0374,2024-02-01,Free,LATAM,SMB,51.32,0,61,60,0,97,2024-05-08,2024-02,2024-02
CUST0375,2024-02-01,Basic,North America,Enterprise,11.9,0,365,78,0,380,2025-02-15,2024-02,2024-02
CUST0376,2023-09-01,Free,Asia,SMB,58.71,3,80,64,1,125,2024-01-04,2023-09,2023-09
CUST0377,2024-12-01,Free,LATAM,Individual,51.06,3,108,60,0,153,2025-05-03,2024-12,2024-12
CUST0378,2024-09-01,Free,Asia,Enterprise,39.89,2,203,57,1,280,2025-06-08,2024-09,2024-09
CUST0379,2024-06-01,Free,Africa,SMB,25.94,0,647,38,0,720,2026-05-22,2024-06,2024-06
CUST0380,2025-01-01,Basic,Africa,Individual,9.59,3,530,33,0,618,2026-09-11,2025-01,2025-01
CUST0381,2023-11-01,Pro,Europe,Individual,47.73,0,604,40,0,664,2025-08-26,2023-11,2023-11
CUST0382,2022-10-01,Basic,Europe,SMB,84.48,1,105,34,1,150,2023-02-28,2022-10,2022-10
CUST0383,2022-05-01,Basic,Africa,Individual,37.63,3,345,22,1,395,2023-05-31,2022-05,2022-05
CUST0384,2024-12-01,Pro,Asia,Enterprise,5.0,3,402,56,0,463,2026-03-09,2024-12,2024-12
CUST0385,2024-10-01,Free,North America,Individual,43.24,2,110,65,1,144,2025-02-22,2024-10,2024-10
CUST0386,2024-07-01,Free,North America,Enterprise,50.48,1,100,35,1,180,2024-12-28,2024-07,2024-07
CUST0387,2022-10-01,Enterprise,Asia,SMB,18.48,4,100,33,1,141,2023-02-19,2022-10,2022-10
CUST0388,2023-07-01,Basic,Africa,Individual,23.38,6,75,28,1,119,2023-10-28,2023-07,2023-07
CUST0389,2024-08-01,Free,LATAM,Individual,21.55,2,76,26,0,143,2024-12-22,2024-08,2024-08
CUST0390,2022-01-01,Basic,Asia,SMB,25.44,0,620,33,0,694,2023-11-26,2022-01,2022-01
CUST0391,2022-05-01,Free,North America,SMB,31.9,3,451,25,0,497,2023-09-10,2022-05,2022-05
CUST0392,2022-04-01,Basic,North America,SMB,19.5,0,178,34,1,256,2022-12-13,2022-04,2022-04
CUST0393,2023-04-01,Free,LATAM,Individual,12.75,0,159,71,0,188,2023-10-06,2023-04,2023-04
CUST0394,2023-12-01,Free,North America,Individual,38.14,0,485,91,0,508,2025-04-22,2023-12,2023-12
CUST0395,2023-04-01,Free,North America,Individual,31.71,0,534,53,0,599,2024-11-20,2023-04,2023-04
CUST0396,2022-02-01,Enterprise,North America,SMB,27.15,4,273,20,1,315,2022-12-13,2022-02,2022-02
CUST0397,2024-04-01,Pro,Asia,Individual,36.5,0,503,88,1,536,2025-09-19,2024-04,2024-04
CUST0398,2024-08-01,Free,Africa,Individual,7.64,0,411,39,1,433,2025-10-08,2024-08,2024-08
CUST0399,2024-03-01,Free,North America,SMB,39.74,6,132,99,0,192,2024-09-09,2024-03,2024-03
CUST0400,2023-08-01,Pro,Europe,Enterprise,27.52,3,518,26,1,554,2025-02-05,2023-08,2023-08
CUST0401,2023-12-01,Free,Asia,Individual,39.31,4,66,26,1,78,2024-02-17,2023-12,2023-12
CUST0402,2022-12-01,Free,Africa,Individual,42.19,3,578,69,0,648,2024-09-09,2022-12,2022-12
CUST0403,2024-11-01,Enterprise,North America,SMB,55.36,2,549,21,1,555,2026-05-10,2024-11,2024-11
CUST0404,2024-09-01,Free,Europe,SMB,36.85,2,362,66,0,403,2025-10-09,2024-09,2024-09
CUST0405,2024-09-01,Pro,Europe,Individual,54.2,1,426,33,1,463,2025-12-08,2024-09,2024-09
CUST0406,2025-01-01,Enterprise,LATAM,Enterprise,29.21,2,325,50,1,376,2026-01-12,2025-01,2025-01
CUST0407,2022-12-01,Basic,Europe,Enterprise,30.06,0,136,69,0,179,2023-05-29,2022-12,2022-12
CUST0408,2022-03-01,Free,North America,Individual,33.36,3,559,80,0,622,2023-11-13,2022-03,2022-03
CUST0409,2022-01-01,Free,Asia,Individual,48.93,2,112,60,0,124,2022-05-05,2022-01,2022-01
CUST0410,2024-09-01,Pro,LATAM,SMB,46.36,2,317,33,0,404,2025-10-10,2024-09,2024-09
CUST0411,2022-10-01,Pro,North America,SMB,37.43,3,490,24,1,517,2024-03-01,2022-10,2022-10
CUST0412,2024-05-01,Pro,LATAM,Individual,12.9,0,244,94,0,325,2025-03-22,2024-05,2024-05
CUST0413,2023-01-01,Free,North America,SMB,46.04,2,310,24,1,310,2023-11-07,2023-01,2023-01
CUST0414,2022-12-01,Pro,Asia,SMB,19.49,0,488,83,0,530,2024-05-14,2022-12,2022-12
CUST0415,2024-07-01,Enterprise,Europe,Individual,18.51,0,373,48,0,414,2025-08-19,2024-07,2024-07
CUST0416,2022-02-01,Basic,Asia,SMB,14.51,3,223,94,0,272,2022-10-31,2022-02,2022-02
CUST0417,2024-11-01,Enterprise,Europe,Enterprise,33.5,1,187,24,0,246,2025-07-05,2024-11,2024-11
CUST0418,2023-11-01,Pro,LATAM,Individual,56.81,2,494,55,0,494,2025-03-09,2023-11,2023-11
CUST0419,2023-05-01,Pro,Asia,Individual,17.62,1,133,98,0,183,2023-10-31,2023-05,2023-05
CUST0420,2024-02-01,Basic,Asia,Individual,65.21,0,63,38,0,78,2024-04-19,2024-02,2024-02
CUST0421,2022-08-01,Free,LATAM,Enterprise,51.38,4,131,83,1,169,2023-01-17,2022-08,2022-08
CUST0422,2024-05-01,Free,LATAM,Enterprise,8.64,0,354,41,0,368,2025-05-04,2024-05,2024-05
CUST0423,2024-02-01,Basic,North America,Individual,28.11,0,621,53,0,653,2025-11-15,2024-02,2024-02
CUST0424,2022-10-01,Free,Europe,SMB,16.28,1,170,75,0,256,2023-06-14,2022-10,2022-10
CUST0425,2024-02-01,Pro,Africa,SMB,46.97,1,503,36,1,555,2025-08-09,2024-02,2024-02
CUST0426,2024-10-01,Enterprise,North America,SMB,17.21,2,60,95,0,76,2024-12-16,2024-10,2024-10
CUST0427,2022-07-01,Pro,Asia,Individual,5.82,2,92,75,0,180,2022-12-28,2022-07,2022-07
CUST0428,2022-04-01,Free,Africa,Individual,29.14,1,589,36,0,594,2023-11-16,2022-04,2022-04
CUST0429,2022-11-01,Free,North America,Individual,56.05,0,116,93,1,146,2023-03-27,2022-11,2022-11
CUST0430,2024-05-01,Free,Asia,SMB,31.53,2,333,37,0,401,2025-06-06,2024-05,2024-05
CUST0431,2024-12-01,Pro,Europe,Individual,42.17,2,90,64,0,129,2025-04-09,2024-12,2024-12
CUST0432,2024-01-01,Pro,Asia,Enterprise,42.87,1,425,97,1,454,2025-03-30,2024-01,2024-01
CUST0433,2023-09-01,Enterprise,North America,Individual,7.78,1,363,75,1,431,2024-11-05,2023-09,2023-09
CUST0434,2024-12-01,Basic,North America,Individual,18.81,1,440,99,0,515,2026-04-30,2024-12,2024-12
CUST0435,2022-10-01,Enterprise,Asia,SMB,35.12,4,313,69,0,319,2023-08-16,2022-10,2022-10
CUST0436,2025-01-01,Pro,LATAM,SMB,24.97,2,495,77,0,507,2026-05-23,2025-01,2025-01
CUST0437,2022-09-01,Free,LATAM,Individual,65.68,1,109,37,0,112,2022-12-22,2022-09,2022-09
CUST0438,2023-12-01,Pro,Europe,Individual,12.89,2,106,99,0,155,2024-05-04,2023-12,2023-12
CUST0439,2024-11-01,Basic,North America,Enterprise,18.63,1,569,26,1,571,2026-05-26,2024-11,2024-11
CUST0440,2024-11-01,Free,Asia,Individual,40.23,3,390,95,1,401,2025-12-07,2024-11,2024-11
CUST0441,2024-12-01,Basic,North America,Individual,23.7,0,106,29,1,170,2025-05-20,2024-12,2024-12
CUST0442,2023-06-01,Free,Africa,Enterprise,5.0,2,538,88,0,564,2024-12-16,2023-06,2023-06
CUST0443,2024-08-01,Basic,LATAM,Individual,69.82,0,193,22,0,242,2025-03-31,2024-08,2024-08
CUST0444,2023-12-01,Basic,Asia,SMB,15.66,2,38,63,1,114,2024-03-24,2023-12,2023-12
CUST0445,2023-11-01,Basic,Africa,Individual,45.1,2,204,89,0,220,2024-06-08,2023-11,2023-11
CUST0446,2024-08-01,Basic,North America,Individual,12.44,0,491,33,0,562,2026-02-14,2024-08,2024-08
CUST0447,2025-01-01,Basic,Asia,Individual,19.47,0,336,23,1,367,2026-01-03,2025-01,2025-01
CUST0448,2022-12-01,Basic,Europe,Individual,5.79,1,617,37,1,700,2024-10-31,2022-12,2022-12
CUST0449,2023-01-01,Basic,Africa,Individual,21.66,1,274,71,0,324,2023-11-21,2023-01,2023-01
CUST0450,2023-11-01,Basic,North America,Individual,23.4,3,151,57,1,167,2024-04-16,2023-11,2023-11
CUST0451,2024-01-01,Free,Asia,SMB,32.61,0,214,99,1,247,2024-09-04,2024-01,2024-01
CUST0452,2024-11-01,Basic,LATAM,Individual,28.29,2,61,39,1,95,2025-02-04,2024-11,2024-11
CUST0453,2024-06-01,Free,North America,Individual,9.05,1,598,63,0,621,2026-02-12,2024-06,2024-06
CUST0454,2023-05-01,Basic,Europe,Enterprise,25.57,3,339,70,0,392,2024-05-27,2023-05,2023-05
CUST0455,2023-08-01,Pro,LATAM,SMB,61.05,2,401,38,0,418,2024-09-22,2023-08,2023-08
CUST0456,2024-01-01,Basic,Europe,Individual,58.91,1,625,87,0,674,2025-11-05,2024-01,2024-01
CUST0457,2023-10-01,Basic,North America,Enterprise,43.2,4,85,85,0,130,2024-02-08,2023-10,2023-10
CUST0458,2023-01-01,Enterprise,North America,Individual,46.94,0,302,32,0,349,2023-12-16,2023-01,2023-01
CUST0459,2023-07-01,Pro,North America,Individual,72.09,6,493,81,1,525,2024-12-07,2023-07,2023-07
CUST0460,2024-12-01,Enterprise,LATAM,SMB,45.28,1,485,80,0,571,2026-06-25,2024-12,2024-12
CUST0461,2022-12-01,Pro,Asia,SMB,46.6,1,278,49,0,366,2023-12-02,2022-12,2022-12
CUST0462,2023-07-01,Free,North America,Individual,6.84,3,107,49,0,133,2023-11-11,2023-07,2023-07
CUST0463,2022-12-01,Free,Europe,Individual,14.97,0,563,70,0,563,2024-06-16,2022-12,2022-12
CUST0464,2022-09-01,Basic,Europe,SMB,34.41,3,137,67,0,221,2023-04-10,2022-09,2022-09
CUST0465,2022-07-01,Free,North America,Individual,20.47,3,302,52,0,360,2023-06-26,2022-07,2022-07
CUST0466,2024-04-01,Basic,Europe,Enterprise,17.04,6,44,93,0,53,2024-05-24,2024-04,2024-04
CUST0467,2023-02-01,Basic,Europe,Individual,19.12,1,399,38,0,423,2024-03-30,2023-02,2023-02
CUST0468,2024-07-01,Basic,Europe,Enterprise,9.38,0,333,90,0,416,2025-08-21,2024-07,2024-07
CUST0469,2023-07-01,Pro,Asia,SMB,20.76,3,234,76,0,290,2024-04-16,2023-07,2023-07
CUST0470,2023-04-01,Pro,North America,Enterprise,41.11,1,142,38,1,207,2023-10-25,2023-04,2023-04
CUST0471,2022-05-01,Basic,Asia,SMB,67.33,0,282,98,1,296,2023-02-21,2022-05,2022-05
CUST0472,2024-11-01,Pro,Asia,SMB,49.35,0,470,60,1,497,2026-03-13,2024-11,2024-11
CUST0473,2022-12-01,Basic,Asia,Individual,46.45,1,215,61,0,227,2023-07-16,2022-12,2022-12
CUST0474,2024-01-01,Pro,Asia,Individual,5.78,2,256,71,0,269,2024-09-26,2024-01,2024-01
CUST0475,2023-09-01,Free,Europe,Individual,37.15,6,557,23,1,622,2025-05-15,2023-09,2023-09
CUST0476,2024-12-01,Enterprise,LATAM,Enterprise,33.79,1,383,23,0,416,2026-01-21,2024-12,2024-12
CUST0477,2023-11-01,Pro,Asia,Enterprise,40.23,4,30,24,0,54,2023-12-25,2023-11,2023-11
CUST0478,2023-04-01,Basic,Europe,Individual,28.51,2,582,60,0,635,2024-12-26,2023-04,2023-04
CUST0479,2023-02-01,Free,LATAM,Individual,64.92,2,589,80,0,667,2024-11-29,2023-02,2023-02
CUST0480,2024-07-01,Basic,Asia,Individual,35.95,2,449,94,0,460,2025-10-04,2024-07,2024-07
CUST0481,2022-05-01,Free,North America,SMB,37.7,1,649,74,0,657,2024-02-17,2022-05,2022-05
CUST0482,2024-11-01,Free,North America,SMB,5.0,4,190,94,0,220,2025-06-09,2024-11,2024-11
CUST0483,2023-11-01,Basic,North America,SMB,33.08,3,190,32,0,267,2024-07-25,2023-11,2023-11
CUST0484,2024-05-01,Basic,LATAM,Enterprise,55.69,6,157,33,0,209,2024-11-26,2024-05,2024-05
CUST0485,2022-11-01,Pro,Asia,Individual,45.0,2,180,79,0,222,2023-06-11,2022-11,2022-11
CUST0486,2023-06-01,Enterprise,Africa,SMB,5.0,2,473,91,1,510,2024-10-23,2023-06,2023-06
CUST0487,2022-12-01,Basic,Asia,Individual,26.91,2,500,44,1,541,2024-05-25,2022-12,2022-12
CUST0488,2022-09-01,Basic,Europe,Individual,66.17,1,492,63,1,563,2024-03-17,2022-09,2022-09
CUST0489,2022-10-01,Free,North America,Individual,32.29,3,59,29,0,106,2023-01-15,2022-10,2022-10
CUST0490,2023-05-01,Pro,Asia,Individual,40.8,3,502,90,0,568,2024-11-19,2023-05,2023-05
CUST0491,2022-07-01,Basic,Asia,Enterprise,64.14,2,586,69,0,651,2024-04-12,2022-07,2022-07
CUST0492,2023-01-01,Enterprise,Africa,Individual,32.22,0,109,63,0,124,2023-05-05,2023-01,2023-01
CUST0493,2022-09-01,Pro,North America,SMB,49.24,3,68,33,1,150,2023-01-29,2022-09,2022-09
CUST0494,2024-03-01,Basic,Europe,Enterprise,42.41,2,269,34,1,284,2024-12-10,2024-03,2024-03
CUST0495,2022-02-01,Free,Asia,SMB,46.25,1,586,35,0,616,2023-10-10,2022-02,2022-02
CUST0496,2022-05-01,Pro,Asia,Individual,41.83,1,619,21,1,676,2024-03-07,2022-05,2022-05
CUST0497,2024-05-01,Pro,Asia,SMB,25.14,2,366,49,0,393,2025-05-29,2024-05,2024-05
CUST0498,2025-01-01,Free,LATAM,Individual,26.94,1,309,49,0,312,2025-11-09,2025-01,2025-01
CUST0499,2023-07-01,Free,North America,SMB,19.62,3,145,50,0,154,2023-12-02,2023-07,2023-07
CUST0500,2022-08-01,Pro,Asia,SMB,5.49,3,298,96,0,348,2023-07-15,2022-08,2022-08
CUST0501,2022-01-01,Free,Asia,SMB,57.4,1,364,39,1,381,2023-01-17,2022-01,2022-01
CUST0502,2023-10-01,Enterprise,LATAM,Individual,35.18,4,341,68,1,387,2024-10-22,2023-10,2023-10
CUST0503,2023-05-01,Basic,LATAM,Enterprise,56.49,4,82,54,0,113,2023-08-22,2023-05,2023-05
CUST0504,2022-07-01,Free,Europe,Individual,63.18,2,97,42,1,126,2022-11-04,2022-07,2022-07
CUST0505,2024-01-01,Pro,North America,Individual,35.96,2,63,80,0,98,2024-04-08,2024-01,2024-01
CUST0506,2022-04-01,Basic,Africa,Individual,11.36,5,415,74,1,423,2023-05-29,2022-04,2022-04
CUST0507,2024-12-01,Basic,Europe,Individual,31.47,2,278,86,0,313,2025-10-10,2024-12,2024-12
CUST0508,2022-06-01,Free,Africa,Individual,22.92,4,140,27,1,168,2022-11-16,2022-06,2022-06
CUST0509,2024-07-01,Free,North America,Enterprise,5.0,4,123,59,0,138,2024-11-16,2024-07,2024-07
CUST0510,2023-07-01,Basic,Asia,Enterprise,25.97,3,439,78,0,459,2024-10-02,2023-07,2023-07
CUST0511,2024-03-01,Basic,LATAM,Individual,33.71,1,208,51,0,271,2024-11-27,2024-03,2024-03
CUST0512,2022-10-01,Basic,Africa,Individual,23.42,3,76,26,0,141,2023-02-19,2022-10,2022-10
CUST0513,2024-02-01,Pro,Europe,Individual,21.11,0,633,21,0,691,2025-12-23,2024-02,2024-02
CUST0514,2023-07-01,Basic,Asia,Individual,12.0,3,405,25,0,432,2024-09-05,2023-07,2023-07
CUST0515,2022-03-01,Free,Europe,Individual,38.53,0,616,55,0,670,2023-12-31,2022-03,2022-03
CUST0516,2023-01-01,Basic,North America,Enterprise,68.65,1,231,51,1,261,2023-09-19,2023-01,2023-01
CUST0517,2024-04-01,Enterprise,Asia,Individual,58.02,1,474,64,0,506,2025-08-20,2024-04,2024-04
CUST0518,2023-08-01,Pro,Asia,Individual,46.77,5,326,61,1,412,2024-09-16,2023-08,2023-08
CUST0519,2024-04-01,Basic,Africa,Individual,47.16,0,337,72,1,396,2025-05-02,2024-04,2024-04
CUST0520,2022-08-01,Free,Europe,Enterprise,32.61,3,522,28,1,562,2024-02-14,2022-08,2022-08
CUST0521,2022-01-01,Free,North America,SMB,5.0,1,367,94,0,447,2023-03-24,2022-01,2022-01
CUST0522,2022-03-01,Pro,North America,Enterprise,28.35,2,95,94,0,140,2022-07-19,2022-03,2022-03
CUST0523,2023-01-01,Pro,Europe,SMB,17.55,3,451,68,1,499,2024-05-14,2023-01,2023-01
CUST0524,2024-04-01,Pro,Europe,Individual,37.78,4,569,21,1,633,2025-12-25,2024-04,2024-04
CUST0525,2024-01-01,Pro,LATAM,Individual,57.2,0,522,86,1,563,2025-07-17,2024-01,2024-01
CUST0526,2024-09-01,Pro,Europe,SMB,70.52,1,346,30,1,368,2025-09-04,2024-09,2024-09
CUST0527,2022-06-01,Free,Africa,Individual,36.16,3,104,69,1,130,2022-10-09,2022-06,2022-06
CUST0528,2024-08-01,Basic,Africa,SMB,5.0,2,88,54,0,176,2025-01-24,2024-08,2024-08
CUST0529,2023-09-01,Free,Asia,Individual,36.13,4,415,34,0,446,2024-11-20,2023-09,2023-09
CUST0530,2023-04-01,Free,Africa,Individual,36.62,3,44,94,0,126,2023-08-05,2023-04,2023-04
CUST0531,2023-09-01,Pro,LATAM,SMB,47.22,2,260,50,0,347,2024-08-13,2023-09,2023-09
CUST0532,2022-11-01,Basic,Europe,SMB,34.65,2,646,81,1,648,2024-08-10,2022-11,2022-11
CUST0533,2025-01-01,Basic,North America,SMB,36.2,3,228,47,0,287,2025-10-15,2025-01,2025-01
CUST0534,2024-12-01,Free,Europe,Individual,23.62,1,383,44,0,458,2026-03-04,2024-12,2024-12
CUST0535,2024-11-01,Free,Asia,SMB,29.39,4,64,44,0,142,2025-03-23,2024-11,2024-11
CUST0536,2023-07-01,Free,LATAM,Individual,44.24,2,191,94,0,207,2024-01-24,2023-07,2023-07
CUST0537,2023-08-01,Free,Europe,Individual,5.0,3,500,20,0,531,2025-01-13,2023-08,2023-08
CUST0538,2023-06-01,Basic,LATAM,Individual,29.29,1,560,78,0,566,2024-12-18,2023-06,2023-06
CUST0539,2023-02-01,Free,Asia,Individual,47.38,0,452,88,0,534,2024-07-19,2023-02,2023-02
CUST0540,2023-03-01,Basic,North America,Individual,64.53,3,377,93,1,447,2024-05-21,2023-03,2023-03
CUST0541,2024-07-01,Free,Africa,Individual,27.83,0,176,61,0,244,2025-03-02,2024-07,2024-07
CUST0542,2022-01-01,Free,Europe,Individual,56.34,1,403,53,0,460,2023-04-06,2022-01,2022-01
CUST0543,2022-03-01,Free,Europe,Individual,65.42,0,445,85,1,484,2023-06-28,2022-03,2022-03
CUST0544,2023-04-01,Basic,Asia,Individual,28.06,1,523,37,1,607,2024-11-28,2023-04,2023-04
CUST0545,2023-11-01,Pro,North America,Individual,24.95,1,588,96,0,635,2025-07-28,2023-11,2023-11
CUST0546,2022-11-01,Basic,Asia,Individual,31.72,0,285,24,0,335,2023-10-02,2022-11,2022-11
CUST0547,2022-12-01,Basic,Europe,SMB,33.52,0,132,39,1,188,2023-06-07,2022-12,2022-12
CUST0548,2022-10-01,Pro,Europe,Individual,54.63,1,150,85,0,220,2023-05-09,2022-10,2022-10
CUST0549,2024-08-01,Free,Africa,Individual,21.07,1,448,94,1,484,2025-11-28,2024-08,2024-08
CUST0550,2023-04-01,Free,Europe,Individual,62.69,1,379,81,0,465,2024-07-09,2023-04,2023-04
CUST0551,2022-08-01,Pro,North America,SMB,20.59,0,71,51,0,145,2022-12-24,2022-08,2022-08
CUST0552,2022-12-01,Basic,Europe,Enterprise,12.24,2,396,77,0,469,2024-03-14,2022-12,2022-12
CUST0553,2023-12-01,Free,Africa,SMB,44.43,2,58,69,0,142,2024-04-21,2023-12,2023-12
CUST0554,2024-04-01,Enterprise,North America,SMB,57.15,1,43,57,0,97,2024-07-07,2024-04,2024-04
CUST0555,2022-08-01,Pro,North America,SMB,38.22,2,514,74,0,554,2024-02-06,2022-08,2022-08
CUST0556,2024-04-01,Free,North America,SMB,42.83,4,218,47,0,237,2024-11-24,2024-04,2024-04
CUST0557,2024-12-01,Basic,North America,SMB,70.18,0,324,93,0,356,2025-11-22,2024-12,2024-12
CUST0558,2024-02-01,Basic,LATAM,Individual,57.4,1,212,41,0,251,2024-10-09,2024-02,2024-02
CUST0559,2022-08-01,Basic,Asia,Individual,35.56,3,577,62,1,610,2024-04-02,2022-08,2022-08
CUST0560,2024-04-01,Basic,Europe,Individual,27.24,0,66,55,0,127,2024-08-06,2024-04,2024-04
CUST0561,2024-04-01,Free,Asia,Enterprise,54.71,0,43,71,1,61,2024-06-01,2024-04,2024-04
CUST0562,2025-01-01,Basic,Europe,SMB,49.93,1,624,55,0,666,2026-10-29,2025-01,2025-01
CUST0563,2024-12-01,Basic,Africa,SMB,42.53,4,188,47,0,256,2025-08-14,2024-12,2024-12
CUST0564,2024-03-01,Pro,Africa,Individual,29.11,4,523,97,1,585,2025-10-07,2024-03,2024-03
CUST0565,2023-05-01,Pro,Europe,Individual,33.62,0,358,77,0,367,2024-05-02,2023-05,2023-05
CUST0566,2022-09-01,Free,LATAM,Individual,32.34,6,643,55,0,655,2024-06-17,2022-09,2022-09
CUST0567,2024-09-01,Basic,LATAM,Individual,29.41,2,112,89,0,116,2024-12-26,2024-09,2024-09
CUST0568,2023-08-01,Free,Europe,Enterprise,24.18,3,585,28,0,642,2025-05-04,2023-08,2023-08
CUST0569,2023-01-01,Basic,North America,SMB,39.77,3,609,40,1,667,2024-10-29,2023-01,2023-01
CUST0570,2024-04-01,Pro,Europe,Individual,23.37,3,589,83,0,664,2026-01-25,2024-04,2024-04
CUST0571,2024-05-01,Free,LATAM,Enterprise,38.19,1,598,95,0,656,2026-02-16,2024-05,2024-05
CUST0572,2023-01-01,Basic,Africa,Individual,5.0,3,616,80,0,692,2024-11-23,2023-01,2023-01
CUST0573,2024-11-01,Free,LATAM,Enterprise,24.2,1,51,59,1,136,2025-03-17,2024-11,2024-11
CUST0574,2022-06-01,Free,LATAM,Individual,54.77,3,161,75,0,175,2022-11-23,2022-06,2022-06
CUST0575,2023-06-01,Basic,Asia,Individual,18.79,0,494,23,0,570,2024-12-22,2023-06,2023-06
CUST0576,2022-05-01,Basic,LATAM,Individual,45.66,2,485,50,0,485,2023-08-29,2022-05,2022-05
CUST0577,2024-01-01,Enterprise,LATAM,Individual,20.29,2,331,46,0,368,2025-01-03,2024-01,2024-01
CUST0578,2022-02-01,Basic,Europe,Individual,48.96,2,296,77,0,348,2023-01-15,2022-02,2022-02
CUST0579,2022-10-01,Free,Asia,SMB,29.65,2,424,44,0,475,2024-01-19,2022-10,2022-10
CUST0580,2024-06-01,Basic,LATAM,Enterprise,28.94,2,149,88,1,149,2024-10-28,2024-06,2024-06
CUST0581,2022-05-01,Free,North America,SMB,35.98,2,275,89,1,285,2023-02-10,2022-05,2022-05
CUST0582,2024-09-01,Enterprise,LATAM,Individual,10.82,2,597,24,0,654,2026-06-17,2024-09,2024-09
CUST0583,2022-01-01,Basic,North America,SMB,52.5,1,67,27,0,106,2022-04-17,2022-01,2022-01
CUST0584,2023-06-01,Pro,Europe,Individual,58.46,4,274,28,0,359,2024-05-25,2023-06,2023-06
CUST0585,2024-08-01,Free,LATAM,Individual,28.52,2,50,34,0,109,2024-11-18,2024-08,2024-08
CUST0586,2022-11-01,Basic,North America,SMB,44.44,2,139,26,0,182,2023-05-02,2022-11,2022-11
CUST0587,2023-09-01,Basic,North America,SMB,49.02,0,635,91,1,640,2025-06-02,2023-09,2023-09
CUST0588,2024-02-01,Pro,Europe,Individual,33.36,1,423,34,0,450,2025-04-26,2024-02,2024-02
CUST0589,2024-01-01,Free,LATAM,Individual,15.05,2,439,56,1,469,2025-04-14,2024-01,2024-01
CUST0590,2023-10-01,Free,North America,Enterprise,63.69,3,37,58,1,44,2023-11-14,2023-10,2023-10
CUST0591,2024-03-01,Enterprise,Africa,Individual,27.93,2,473,25,0,477,2025-06-21,2024-03,2024-03
CUST0592,2023-01-01,Basic,North America,Individual,24.04,2,357,76,0,410,2024-02-15,2023-01,2023-01
CUST0593,2024-09-01,Basic,Africa,SMB,64.5,1,319,38,1,335,2025-08-02,2024-09,2024-09
CUST0594,2024-10-01,Free,Africa,Individual,45.98,1,540,82,0,577,2026-05-01,2024-10,2024-10
CUST0595,2024-11-01,Enterprise,Europe,Individual,39.63,1,390,50,1,398,2025-12-04,2024-11,2024-11
CUST0596,2022-01-01,Free,Europe,Individual,17.53,2,628,94,0,701,2023-12-03,2022-01,2022-01
CUST0597,2023-09-01,Pro,Europe,SMB,49.45,2,248,98,0,331,2024-07-28,2023-09,2023-09
CUST0598,2022-06-01,Pro,Asia,SMB,87.14,2,435,29,0,512,2023-10-26,2022-06,2022-06
CUST0599,2024-04-01,Free,North America,SMB,50.85,0,249,86,1,262,2024-12-19,2024-04,2024-04
CUST0600,2023-05-01,Pro,North America,Enterprise,43.93,2,624,81,1,649,2025-02-08,2023-05,2023-05
CUST0601,2022-05-01,Free,North America,SMB,47.98,1,136,22,1,197,2022-11-14,2022-05,2022-05
CUST0602,2024-07-01,Free,Europe,Individual,29.09,3,610,37,1,634,2026-03-27,2024-07,2024-07
CUST0603,2022-05-01,Pro,North America,Individual,28.92,2,638,44,0,717,2024-04-17,2022-05,2022-05
CUST0604,2022-03-01,Pro,Asia,SMB,28.69,1,315,39,1,350,2023-02-14,2022-03,2022-03
CUST0605,2023-11-01,Basic,Africa,SMB,24.65,1,37,77,0,116,2024-02-25,2023-11,2023-11
CUST0606,2025-01-01,Basic,Europe,SMB,28.66,1,218,69,1,250,2025-09-08,2025-01,2025-01
CUST0607,2025-01-01,Free,Asia,SMB,28.57,1,110,98,1,112,2025-04-23,2025-01,2025-01
CUST0608,2022-10-01,Free,Europe,Individual,30.6,2,137,29,1,223,2023-05-12,2022-10,2022-10
CUST0609,2022-10-01,Free,LATAM,Individual,30.09,3,350,40,0,360,2023-09-26,2022-10,2022-10
CUST0610,2023-07-01,Free,Africa,Individual,39.37,2,608,48,1,665,2025-04-26,2023-07,2023-07
CUST0611,2023-05-01,Free,LATAM,Individual,36.42,0,375,29,0,438,2024-07-12,2023-05,2023-05
CUST0612,2023-09-01,Basic,Africa,Individual,38.01,4,357,32,1,374,2024-09-09,2023-09,2023-09
CUST0613,2023-02-01,Free,North America,SMB,62.4,2,584,66,1,630,2024-10-23,2023-02,2023-02
CUST0614,2022-09-01,Free,LATAM,SMB,36.38,3,331,42,0,374,2023-09-10,2022-09,2022-09
CUST0615,2022-01-01,Basic,LATAM,Individual,74.8,1,229,69,0,287,2022-10-15,2022-01,2022-01
CUST0616,2023-01-01,Pro,North America,SMB,41.35,1,448,23,1,497,2024-05-12,2023-01,2023-01
CUST0617,2022-04-01,Free,Africa,SMB,26.95,4,68,86,0,136,2022-08-15,2022-04,2022-04
CUST0618,2022-01-01,Enterprise,North America,Individual,59.29,3,336,72,0,423,2023-02-28,2022-01,2022-01
CUST0619,2024-08-01,Pro,Asia,SMB,33.57,1,33,21,1,61,2024-10-01,2024-08,2024-08
CUST0620,2024-10-01,Free,North America,SMB,5.0,2,106,87,0,195,2025-04-14,2024-10,2024-10
CUST0621,2024-04-01,Pro,Europe,SMB,34.93,1,497,84,0,563,2025-10-16,2024-04,2024-04
CUST0622,2024-07-01,Basic,Asia,SMB,30.51,1,208,98,0,209,2025-01-26,2024-07,2024-07
CUST0623,2022-08-01,Basic,Asia,SMB,63.92,1,305,76,0,329,2023-06-26,2022-08,2022-08
CUST0624,2024-02-01,Basic,Europe,Individual,18.84,0,181,89,1,199,2024-08-18,2024-02,2024-02
CUST0625,2024-10-01,Basic,Europe,Individual,29.01,3,193,26,0,232,2025-05-21,2024-10,2024-10
CUST0626,2022-03-01,Basic,LATAM,Individual,57.82,1,319,38,0,320,2023-01-15,2022-03,2022-03
CUST0627,2022-12-01,Basic,North America,Enterprise,42.1,3,407,63,0,489,2024-04-03,2022-12,2022-12
CUST0628,2022-01-01,Basic,Europe,Individual,31.91,2,339,82,0,403,2023-02-08,2022-01,2022-01
CUST0629,2022-05-01,Pro,Africa,Individual,21.38,0,418,84,1,479,2023-08-23,2022-05,2022-05
CUST0630,2024-06-01,Basic,LATAM,Enterprise,41.33,5,212,58,0,265,2025-02-21,2024-06,2024-06
CUST0631,2024-06-01,Pro,Europe,Enterprise,34.47,1,335,45,0,379,2025-06-15,2024-06,2024-06
CUST0632,2023-05-01,Free,LATAM,SMB,21.18,6,101,63,1,149,2023-09-27,2023-05,2023-05
CUST0633,2023-11-01,Free,LATAM,Individual,22.11,2,248,31,0,316,2024-09-12,2023-11,2023-11
CUST0634,2023-03-01,Pro,LATAM,Individual,20.34,2,202,41,0,239,2023-10-26,2023-03,2023-03
CUST0635,2025-01-01,Free,Europe,Individual,17.13,0,301,96,1,304,2025-11-01,2025-01,2025-01
CUST0636,2023-09-01,Free,North America,Individual,51.81,3,497,33,1,513,2025-01-26,2023-09,2023-09
CUST0637,2023-02-01,Free,North America,Individual,49.39,0,298,49,1,350,2024-01-17,2023-02,2023-02
CUST0638,2022-02-01,Free,North America,SMB,51.84,1,49,63,0,133,2022-06-14,2022-02,2022-02
CUST0639,2022-11-01,Enterprise,Asia,Enterprise,35.08,0,607,57,0,659,2024-08-21,2022-11,2022-11
CUST0640,2024-10-01,Basic,North America,Individual,30.63,2,532,78,1,562,2026-04-16,2024-10,2024-10
CUST0641,2024-10-01,Enterprise,Asia,SMB,30.96,0,176,61,1,197,2025-04-16,2024-10,2024-10
CUST0642,2023-06-01,Basic,Europe,SMB,53.38,2,458,71,0,468,2024-09-11,2023-06,2023-06
CUST0643,2024-06-01,Basic,North America,Individual,5.0,2,194,82,0,227,2025-01-14,2024-06,2024-06
CUST0644,2023-03-01,Free,LATAM,SMB,25.74,1,339,80,0,353,2024-02-17,2023-03,2023-03
CUST0645,2024-03-01,Basic,Europe,Individual,19.03,2,547,53,1,556,2025-09-08,2024-03,2024-03
CUST0646,2024-10-01,Free,North America,Individual,59.48,0,43,58,1,95,2025-01-04,2024-10,2024-10
CUST0647,2024-09-01,Pro,LATAM,SMB,26.41,5,161,60,1,208,2025-03-28,2024-09,2024-09
CUST0648,2023-12-01,Pro,North America,Individual,5.55,1,468,56,0,498,2025-04-12,2023-12,2023-12
CUST0649,2023-03-01,Free,Asia,Enterprise,39.02,2,292,84,0,328,2024-01-23,2023-03,2023-03
CUST0650,2024-06-01,Enterprise,LATAM,Individual,28.34,2,254,98,1,281,2025-03-09,2024-06,2024-06
CUST0651,2023-05-01,Pro,Europe,SMB,24.98,1,287,51,0,317,2024-03-13,2023-05,2023-05
CUST0652,2022-05-01,Pro,LATAM,Individual,23.12,1,263,27,1,332,2023-03-29,2022-05,2022-05
CUST0653,2024-05-01,Free,Europe,Individual,22.41,1,365,37,0,378,2025-05-14,2024-05,2024-05
CUST0654,2022-04-01,Basic,Europe,Individual,47.75,3,438,64,1,524,2023-09-07,2022-04,2022-04
CUST0655,2022-10-01,Basic,North America,SMB,39.03,1,53,52,0,68,2022-12-08,2022-10,2022-10
CUST0656,2023-05-01,Free,North America,Enterprise,31.44,2,300,24,1,324,2024-03-20,2023-05,2023-05
CUST0657,2022-10-01,Free,Africa,Enterprise,15.23,1,124,93,1,162,2023-03-12,2022-10,2022-10
CUST0658,2023-05-01,Pro,Europe,SMB,31.96,2,171,55,0,236,2023-12-23,2023-05,2023-05
CUST0659,2023-08-01,Free,Europe,SMB,39.69,1,110,42,1,147,2023-12-26,2023-08,2023-08
CUST0660,2023-12-01,Basic,Europe,SMB,40.38,0,303,59,0,343,2024-11-08,2023-12,2023-12
CUST0661,2022-05-01,Enterprise,Asia,SMB,37.9,2,305,24,1,344,2023-04-10,2022-05,2022-05
CUST0662,2024-10-01,Pro,North America,SMB,18.39,3,494,53,0,557,2026-04-11,2024-10,2024-10
CUST0663,2022-06-01,Free,Europe,SMB,5.0,3,237,43,0,325,2023-04-22,2022-06,2022-06
CUST0664,2022-02-01,Pro,Asia,Enterprise,67.39,1,325,36,0,340,2023-01-07,2022-02,2022-02
CUST0665,2023-01-01,Free,North America,Individual,11.43,3,68,90,1,149,2023-05-30,2023-01,2023-01
CUST0666,2022-11-01,Free,North America,Enterprise,5.0,2,317,41,0,393,2023-11-29,2022-11,2022-11
CUST0667,2023-11-01,Basic,North America,SMB,37.35,2,153,34,1,211,2024-05-30,2023-11,2023-11
CUST0668,2023-04-01,Basic,Europe,Individual,5.0,0,312,34,1,322,2024-02-17,2023-04,2023-04
CUST0669,2024-07-01,Basic,LATAM,Individual,20.51,4,209,44,0,209,2025-01-26,2024-07,2024-07
CUST0670,2022-11-01,Basic,North America,Individual,44.88,1,126,72,0,138,2023-03-19,2022-11,2022-11
CUST0671,2023-04-01,Free,North America,SMB,66.91,2,220,40,0,249,2023-12-06,2023-04,2023-04
CUST0672,2022-08-01,Free,Europe,Enterprise,41.98,2,103,85,1,171,2023-01-19,2022-08,2022-08
CUST0673,2022-04-01,Basic,Asia,Individual,27.1,0,476,51,0,493,2023-08-07,2022-04,2022-04
CUST0674,2022-04-01,Pro,Asia,Enterprise,34.07,0,526,40,0,603,2023-11-25,2022-04,2022-04
CUST0675,2024-01-01,Basic,Europe,Enterprise,5.0,2,590,87,0,602,2025-08-25,2024-01,2024-01
CUST0676,2022-03-01,Free,LATAM,Individual,26.89,1,513,63,1,544,2023-08-27,2022-03,2022-03
CUST0677,2024-08-01,Basic,Asia,Enterprise,26.9,1,145,85,0,215,2025-03-04,2024-08,2024-08
CUST0678,2022-03-01,Free,LATAM,Enterprise,37.76,1,564,33,0,635,2023-11-26,2022-03,2022-03
CUST0679,2024-03-01,Free,LATAM,SMB,69.96,5,127,34,1,176,2024-08-24,2024-03,2024-03
CUST0680,2024-05-01,Pro,North America,SMB,5.0,4,357,39,0,427,2025-07-02,2024-05,2024-05
CUST0681,2024-08-01,Free,North America,Enterprise,27.66,2,436,53,1,515,2025-12-29,2024-08,2024-08
CUST0682,2023-07-01,Free,North America,SMB,5.0,1,342,55,1,372,2024-07-07,2023-07,2023-07
CUST0683,2023-09-01,Pro,Europe,Individual,25.94,1,177,28,1,227,2024-04-15,2023-09,2023-09
CUST0684,2022-05-01,Basic,Africa,Enterprise,19.44,0,371,90,0,397,2023-06-02,2022-05,2022-05
CUST0685,2023-06-01,Basic,Europe,SMB,8.1,2,524,49,0,583,2025-01-04,2023-06,2023-06
CUST0686,2024-04-01,Free,North America,SMB,51.44,1,52,96,1,84,2024-06-24,2024-04,2024-04
CUST0687,2023-10-01,Free,LATAM,Individual,39.6,2,134,82,1,186,2024-04-04,2023-10,2023-10
CUST0688,2023-09-01,Free,Europe,SMB,49.33,4,608,54,1,679,2025-07-11,2023-09,2023-09
CUST0689,2022-06-01,Free,North America,Individual,25.43,1,587,32,1,619,2024-02-10,2022-06,2022-06
CUST0690,2022-01-01,Pro,Europe,Enterprise,33.73,1,622,98,0,662,2023-10-25,2022-01,2022-01
CUST0691,2022-05-01,Pro,Europe,Individual,63.7,1,251,65,0,269,2023-01-25,2022-05,2022-05
CUST0692,2022-12-01,Pro,LATAM,Individual,34.95,1,44,75,0,128,2023-04-08,2022-12,2022-12
CUST0693,2024-02-01,Pro,North America,Individual,49.54,3,107,28,1,147,2024-06-27,2024-02,2024-02
CUST0694,2024-10-01,Basic,North America,Individual,23.89,4,351,55,1,435,2025-12-10,2024-10,2024-10
CUST0695,2023-02-01,Pro,Europe,SMB,47.89,1,270,22,0,358,2024-01-25,2023-02,2023-02
CUST0696,2024-02-01,Basic,North America,Enterprise,25.12,2,47,38,0,88,2024-04-29,2024-02,2024-02
CUST0697,2024-03-01,Basic,Asia,Enterprise,5.0,3,483,47,0,505,2025-07-19,2024-03,2024-03
CUST0698,2022-09-01,Basic,Europe,Individual,34.86,1,472,42,1,546,2024-02-29,2022-09,2022-09
CUST0699,2024-02-01,Free,Europe,Individual,26.53,2,306,26,0,338,2025-01-04,2024-02,2024-02
CUST0700,2023-10-01,Basic,Africa,Enterprise,5.75,2,453,95,1,472,2025-01-15,2023-10,2023-10
CUST0701,2024-06-01,Enterprise,Asia,Enterprise,38.45,1,505,33,1,529,2025-11-12,2024-06,2024-06
CUST0702,2023-05-01,Free,North America,SMB,18.92,2,56,65,1,145,2023-09-23,2023-05,2023-05
CUST0703,2024-02-01,Free,Asia,SMB,90.67,2,543,34,0,594,2025-09-17,2024-02,2024-02
CUST0704,2024-12-01,Basic,LATAM,Individual,8.64,1,493,86,0,504,2026-04-19,2024-12,2024-12
CUST0705,2022-01-01,Pro,Asia,Enterprise,13.17,2,392,34,1,423,2023-02-28,2022-01,2022-01
CUST0706,2022-08-01,Basic,North America,SMB,50.65,3,412,70,0,444,2023-10-19,2022-08,2022-08
CUST0707,2024-11-01,Pro,Africa,Individual,32.61,3,554,27,0,627,2026-07-21,2024-11,2024-11
CUST0708,2023-03-01,Free,Europe,Individual,50.29,2,411,88,0,478,2024-06-21,2023-03,2023-03
CUST0709,2023-10-01,Basic,North America,Enterprise,41.85,0,213,81,0,227,2024-05-15,2023-10,2023-10
CUST0710,2023-02-01,Free,North America,Individual,24.52,1,223,70,1,273,2023-11-01,2023-02,2023-02
CUST0711,2024-02-01,Pro,North America,Individual,10.18,3,491,82,0,496,2025-06-11,2024-02,2024-02
CUST0712,2024-04-01,Basic,LATAM,SMB,54.28,1,85,87,0,153,2024-09-01,2024-04,2024-04
CUST0713,2023-11-01,Free,North America,Individual,11.81,3,259,97,0,327,2024-09-23,2023-11,2023-11
CUST0714,2023-02-01,Free,North America,Individual,45.06,0,518,35,0,599,2024-09-22,2023-02,2023-02
CUST0715,2023-12-01,Free,LATAM,Enterprise,51.54,2,57,43,1,91,2024-03-01,2023-12,2023-12
CUST0716,2022-02-01,Basic,Europe,Enterprise,32.72,1,612,25,0,697,2023-12-30,2022-02,2022-02
CUST0717,2024-02-01,Free,North America,Enterprise,29.53,2,213,76,0,246,2024-10-04,2024-02,2024-02
CUST0718,2023-02-01,Basic,North America,Enterprise,17.29,1,454,50,0,516,2024-07-01,2023-02,2023-02
CUST0719,2022-07-01,Basic,North America,SMB,43.33,0,404,25,1,471,2023-10-15,2022-07,2022-07
CUST0720,2022-03-01,Free,North America,Enterprise,5.0,0,70,98,0,87,2022-05-27,2022-03,2022-03
CUST0721,2023-11-01,Free,Asia,Individual,47.88,1,513,48,1,538,2025-04-22,2023-11,2023-11
CUST0722,2023-06-01,Free,North America,SMB,37.15,1,289,86,0,374,2024-06-09,2023-06,2023-06
CUST0723,2024-11-01,Pro,North America,Enterprise,30.99,4,470,94,1,530,2026-04-15,2024-11,2024-11
CUST0724,2023-03-01,Free,LATAM,Individual,39.36,0,113,22,1,190,2023-09-07,2023-03,2023-03
CUST0725,2024-01-01,Pro,Asia,Individual,10.28,1,75,47,0,148,2024-05-28,2024-01,2024-01
CUST0726,2025-01-01,Pro,Europe,SMB,5.0,2,469,93,0,556,2026-07-11,2025-01,2025-01
CUST0727,2024-04-01,Basic,Europe,Individual,43.43,8,548,67,0,632,2025-12-24,2024-04,2024-04
CUST0728,2022-10-01,Pro,Europe,Individual,58.7,0,467,99,1,514,2024-02-27,2022-10,2022-10
CUST0729,2023-05-01,Basic,Europe,Enterprise,5.0,5,165,29,1,236,2023-12-23,2023-05,2023-05
CUST0730,2023-10-01,Enterprise,Europe,Enterprise,16.06,1,212,52,1,242,2024-05-30,2023-10,2023-10
CUST0731,2024-02-01,Free,Europe,Individual,48.54,1,201,86,0,234,2024-09-22,2024-02,2024-02
CUST0732,2024-01-01,Free,Africa,Individual,41.46,3,619,88,0,705,2025-12-06,2024-01,2024-01
CUST0733,2023-05-01,Pro,North America,Individual,88.34,1,568,31,0,656,2025-02-15,2023-05,2023-05
CUST0734,2023-01-01,Enterprise,LATAM,Enterprise,54.36,1,149,76,0,155,2023-06-05,2023-01,2023-01
CUST0735,2023-08-01,Pro,North America,SMB,50.04,1,310,63,0,392,2024-08-27,2023-08,2023-08
CUST0736,2024-01-01,Free,LATAM,Individual,21.25,1,337,32,1,343,2024-12-09,2024-01,2024-01
CUST0737,2022-04-01,Free,Asia,SMB,44.45,0,306,43,1,352,2023-03-19,2022-04,2022-04
CUST0738,2022-10-01,Enterprise,LATAM,Individual,61.92,0,559,63,0,566,2024-04-19,2022-10,2022-10
CUST0739,2022-03-01,Free,North America,SMB,32.04,2,324,76,0,401,2023-04-06,2022-03,2022-03
CUST0740,2023-06-01,Pro,Asia,Enterprise,32.89,2,82,35,0,82,2023-08-22,2023-06,2023-06
CUST0741,2024-12-01,Pro,Europe,SMB,37.54,1,461,40,0,537,2026-05-22,2024-12,2024-12
CUST0742,2023-10-01,Basic,Asia,SMB,23.04,4,81,95,0,83,2023-12-23,2023-10,2023-10
CUST0743,2024-10-01,Basic,Europe,Individual,39.84,2,101,70,0,153,2025-03-03,2024-10,2024-10
CUST0744,2022-08-01,Basic,Europe,SMB,39.39,1,57,40,0,94,2022-11-03,2022-08,2022-08
CUST0745,2023-07-01,Free,Europe,SMB,61.64,1,498,79,1,548,2024-12-30,2023-07,2023-07
CUST0746,2025-01-01,Pro,Europe,Individual,31.59,3,576,70,0,590,2026-08-14,2025-01,2025-01
CUST0747,2022-06-01,Basic,Europe,SMB,47.15,2,430,40,0,496,2023-10-10,2022-06,2022-06
CUST0748,2024-02-01,Pro,North America,Individual,32.13,2,230,25,1,293,2024-11-20,2024-02,2024-02
CUST0749,2024-10-01,Free,Africa,Enterprise,46.52,2,640,92,0,707,2026-09-08,2024-10,2024-10
CUST0750,2022-06-01,Enterprise,Asia,Individual,30.5,2,495,84,0,499,2023-10-13,2022-06,2022-06
CUST0751,2025-01-01,Basic,Africa,Enterprise,45.32,0,624,95,1,713,2026-12-15,2025-01,2025-01
CUST0752,2024-09-01,Free,North America,Individual,48.11,0,589,77,0,677,2026-07-10,2024-09,2024-09
CUST0753,2023-10-01,Free,LATAM,SMB,15.8,1,408,97,1,417,2024-11-21,2023-10,2023-10
CUST0754,2023-09-01,Pro,LATAM,SMB,54.84,1,206,25,1,213,2024-04-01,2023-09,2023-09
CUST0755,2022-06-01,Pro,Asia,SMB,32.0,3,81,84,0,92,2022-09-01,2022-06,2022-06
CUST0756,2022-06-01,Pro,Asia,Individual,26.54,4,108,53,0,171,2022-11-19,2022-06,2022-06
CUST0757,2022-04-01,Free,Europe,SMB,22.22,1,414,75,1,472,2023-07-17,2022-04,2022-04
CUST0758,2024-06-01,Free,LATAM,SMB,40.37,5,605,94,0,671,2026-04-03,2024-06,2024-06
CUST0759,2022-11-01,Basic,Europe,Individual,34.92,0,37,22,1,86,2023-01-26,2022-11,2022-11
CUST0760,2024-06-01,Basic,North America,Individual,41.67,2,243,61,0,265,2025-02-21,2024-06,2024-06
CUST0761,2024-07-01,Basic,Europe,SMB,42.02,0,54,81,0,93,2024-10-02,2024-07,2024-07
CUST0762,2023-12-01,Enterprise,Africa,SMB,45.95,5,479,25,1,556,2025-06-09,2023-12,2023-12
CUST0763,2022-09-01,Enterprise,LATAM,Individual,84.97,6,486,25,1,572,2024-03-26,2022-09,2022-09
CUST0764,2022-03-01,Enterprise,Africa,Individual,35.71,1,490,82,1,566,2023-09-18,2022-03,2022-03
CUST0765,2024-07-01,Pro,Asia,Individual,21.78,0,227,39,1,302,2025-04-29,2024-07,2024-07
CUST0766,2025-01-01,Basic,North America,SMB,5.0,1,123,40,1,140,2025-05-21,2025-01,2025-01
CUST0767,2024-12-01,Basic,North America,SMB,13.48,2,466,21,1,486,2026-04-01,2024-12,2024-12
CUST0768,2023-12-01,Basic,North America,Enterprise,57.24,4,556,75,0,556,2025-06-09,2023-12,2023-12
CUST0769,2024-07-01,Pro,North America,Enterprise,47.96,1,407,29,1,444,2025-09-18,2024-07,2024-07
CUST0770,2022-06-01,Free,Europe,SMB,10.7,0,616,89,0,656,2024-03-18,2022-06,2022-06
CUST0771,2022-02-01,Basic,North America,Individual,79.36,2,133,42,0,174,2022-07-25,2022-02,2022-02
CUST0772,2023-08-01,Free,Europe,Individual,40.88,1,68,49,0,76,2023-10-16,2023-08,2023-08
CUST0773,2024-04-01,Basic,Africa,Individual,43.29,2,487,97,0,509,2025-08-23,2024-04,2024-04
CUST0774,2022-11-01,Pro,Europe,Enterprise,75.4,0,393,56,0,470,2024-02-14,2022-11,2022-11
CUST0775,2022-04-01,Pro,LATAM,SMB,66.31,0,164,74,0,174,2022-09-22,2022-04,2022-04
CUST0776,2023-03-01,Free,Asia,Individual,49.06,0,403,68,0,473,2024-06-16,2023-03,2023-03
CUST0777,2022-06-01,Enterprise,North America,Individual,49.93,1,261,53,0,291,2023-03-19,2022-06,2022-06
CUST0778,2024-06-01,Pro,Europe,SMB,51.61,2,68,63,1,155,2024-11-03,2024-06,2024-06
CUST0779,2022-02-01,Free,North America,SMB,30.66,4,76,41,0,101,2022-05-13,2022-02,2022-02
CUST0780,2023-03-01,Free,Europe,Individual,40.16,3,65,50,1,94,2023-06-03,2023-03,2023-03
CUST0781,2022-11-01,Free,Asia,Enterprise,45.34,3,124,26,0,157,2023-04-07,2022-11,2022-11
CUST0782,2022-08-01,Free,North America,SMB,32.72,0,390,40,1,435,2023-10-10,2022-08,2022-08
CUST0783,2024-02-01,Enterprise,North America,Individual,17.62,5,554,35,0,622,2025-10-15,2024-02,2024-02
CUST0784,2022-05-01,Basic,Europe,Enterprise,30.21,0,175,39,0,179,2022-10-27,2022-05,2022-05
CUST0785,2022-06-01,Pro,Africa,Individual,17.22,3,397,62,0,457,2023-09-01,2022-06,2022-06
CUST0786,2024-02-01,Free,LATAM,Enterprise,36.16,1,94,63,0,176,2024-07-26,2024-02,2024-02
CUST0787,2022-04-01,Free,Asia,Enterprise,5.0,1,257,66,0,294,2023-01-20,2022-04,2022-04
CUST0788,2023-07-01,Basic,North America,SMB,41.14,0,549,38,1,576,2025-01-27,2023-07,2023-07
CUST0789,2023-08-01,Free,LATAM,SMB,5.64,1,584,67,0,609,2025-04-01,2023-08,2023-08
CUST0790,2024-09-01,Basic,LATAM,Individual,27.74,1,210,98,0,270,2025-05-29,2024-09,2024-09
CUST0791,2023-08-01,Enterprise,Asia,Enterprise,44.07,4,530,88,1,552,2025-02-03,2023-08,2023-08
CUST0792,2022-12-01,Basic,Africa,SMB,49.24,5,626,30,1,671,2024-10-02,2022-12,2022-12
CUST0793,2022-01-01,Basic,Europe,SMB,47.1,0,184,98,0,213,2022-08-02,2022-01,2022-01
CUST0794,2024-02-01,Free,Africa,Enterprise,40.76,2,564,48,0,630,2025-10-23,2024-02,2024-02
CUST0795,2023-02-01,Free,Africa,Enterprise,14.85,2,464,64,1,496,2024-06-11,2023-02,2023-02
CUST0796,2025-01-01,Free,North America,Enterprise,52.65,5,128,87,1,130,2025-05-11,2025-01,2025-01
CUST0797,2022-11-01,Basic,Europe,Individual,15.26,0,645,55,1,713,2024-10-14,2022-11,2022-11
CUST0798,2024-12-01,Free,Africa,Enterprise,54.7,0,401,67,0,483,2026-03-29,2024-12,2024-12
CUST0799,2023-01-01,Basic,North America,SMB,46.3,3,592,34,0,633,2024-09-25,2023-01,2023-01
CUST0800,2022-03-01,Basic,Europe,Enterprise,59.46,4,391,63,0,452,2023-05-27,2022-03,2022-03
CUST0801,2024-09-01,Basic,Africa,SMB,35.45,2,141,86,0,198,2025-03-18,2024-09,2024-09
CUST0802,2022-06-01,Free,Asia,Individual,20.26,4,482,93,1,538,2023-11-21,2022-06,2022-06
CUST0803,2022-10-01,Free,North America,Individual,11.73,1,198,59,1,198,2023-04-17,2022-10,2022-10
CUST0804,2022-05-01,Enterprise,Asia,SMB,13.73,1,613,33,0,685,2024-03-16,2022-05,2022-05
CUST0805,2023-11-01,Pro,North America,SMB,5.54,1,168,82,0,227,2024-06-15,2023-11,2023-11
CUST0806,2022-10-01,Basic,Europe,Individual,51.96,1,260,70,0,328,2023-08-25,2022-10,2022-10
CUST0807,2022-02-01,Free,North America,SMB,54.21,1,268,98,0,326,2022-12-24,2022-02,2022-02
CUST0808,2023-01-01,Enterprise,Asia,Individual,44.97,2,282,77,1,327,2023-11-24,2023-01,2023-01
CUST0809,2022-02-01,Pro,Europe,Enterprise,34.41,0,465,34,0,498,2023-06-14,2022-02,2022-02
CUST0810,2023-08-01,Free,Asia,SMB,72.1,1,590,84,0,614,2025-04-06,2023-08,2023-08
CUST0811,2022-01-01,Pro,Asia,Individual,33.23,1,451,74,0,492,2023-05-08,2022-01,2022-01
CUST0812,2025-01-01,Free,Europe,Individual,38.98,1,332,95,1,360,2025-12-27,2025-01,2025-01
CUST0813,2022-09-01,Basic,Asia,Individual,34.14,2,101,29,1,125,2023-01-04,2022-09,2022-09
CUST0814,2023-05-01,Basic,North America,SMB,28.91,2,292,61,0,345,2024-04-10,2023-05,2023-05
CUST0815,2022-09-01,Free,Asia,Individual,46.36,4,251,30,1,323,2023-07-21,2022-09,2022-09
CUST0816,2022-11-01,Enterprise,North America,Individual,23.6,2,106,35,1,172,2023-04-22,2022-11,2022-11
CUST0817,2023-03-01,Pro,Africa,Enterprise,22.39,5,91,92,1,105,2023-06-14,2023-03,2023-03
CUST0818,2023-12-01,Basic,North America,Enterprise,47.27,3,500,97,0,503,2025-04-17,2023-12,2023-12
CUST0819,2024-11-01,Free,Europe,SMB,26.04,0,186,38,0,223,2025-06-12,2024-11,2024-11
CUST0820,2024-06-01,Free,Asia,Enterprise,37.4,0,154,50,0,173,2024-11-21,2024-06,2024-06
CUST0821,2024-07-01,Free,Europe,Individual,28.86,0,190,92,1,212,2025-01-29,2024-07,2024-07
CUST0822,2022-05-01,Pro,North America,SMB,34.79,5,570,72,0,606,2023-12-28,2022-05,2022-05
CUST0823,2023-02-01,Free,Asia,SMB,22.88,2,620,27,1,681,2024-12-13,2023-02,2023-02
CUST0824,2022-11-01,Basic,Asia,SMB,23.47,1,564,43,0,571,2024-05-25,2022-11,2022-11
CUST0825,2022-09-01,Pro,Asia,Individual,20.24,0,135,27,0,171,2023-02-19,2022-09,2022-09
CUST0826,2024-10-01,Free,Europe,SMB,50.18,0,160,67,0,204,2025-04-23,2024-10,2024-10
CUST0827,2022-12-01,Pro,Asia,Individual,38.09,1,386,49,1,418,2024-01-23,2022-12,2022-12
CUST0828,2024-11-01,Free,Europe,SMB,51.53,1,31,77,1,37,2024-12-08,2024-11,2024-11
CUST0829,2024-11-01,Enterprise,Asia,Individual,53.46,5,262,74,0,283,2025-08-11,2024-11,2024-11
CUST0830,2022-01-01,Basic,Asia,Individual,26.72,1,398,92,0,402,2023-02-07,2022-01,2022-01
CUST0831,2023-10-01,Free,Europe,Individual,50.87,0,280,81,0,294,2024-07-21,2023-10,2023-10
CUST0832,2024-05-01,Free,North America,Individual,34.75,5,137,67,1,157,2024-10-05,2024-05,2024-05
CUST0833,2022-08-01,Basic,North America,SMB,32.14,1,305,23,1,393,2023-08-29,2022-08,2022-08
CUST0834,2022-11-01,Pro,North America,Individual,57.54,4,209,56,1,225,2023-06-14,2022-11,2022-11
CUST0835,2025-01-01,Pro,North America,Enterprise,44.97,1,322,27,0,377,2026-01-13,2025-01,2025-01
CUST0836,2023-02-01,Basic,Europe,Individual,28.66,0,613,20,0,662,2024-11-24,2023-02,2023-02
CUST0837,2024-06-01,Free,Asia,Individual,43.8,2,204,89,0,210,2024-12-28,2024-06,2024-06
CUST0838,2024-11-01,Free,North America,SMB,12.22,1,152,66,0,201,2025-05-21,2024-11,2024-11
CUST0839,2023-09-01,Free,Africa,Individual,39.45,3,256,94,1,315,2024-07-12,2023-09,2023-09
CUST0840,2025-01-01,Basic,North America,SMB,8.01,3,473,24,0,555,2026-07-10,2025-01,2025-01
CUST0841,2022-05-01,Pro,LATAM,SMB,17.28,2,457,69,0,463,2023-08-07,2022-05,2022-05
CUST0842,2023-07-01,Basic,Asia,Individual,45.52,1,112,43,0,151,2023-11-29,2023-07,2023-07
CUST0843,2023-02-01,Free,Europe,Individual,5.0,1,94,66,1,138,2023-06-19,2023-02,2023-02
CUST0844,2024-02-01,Basic,North America,Individual,67.45,1,310,37,0,368,2025-02-03,2024-02,2024-02
CUST0845,2022-04-01,Pro,Asia,Individual,50.02,4,420,47,0,507,2023-08-21,2022-04,2022-04
CUST0846,2024-01-01,Pro,Europe,Individual,5.0,3,457,96,1,531,2025-06-15,2024-01,2024-01
CUST0847,2024-01-01,Pro,Africa,Individual,78.17,2,647,24,1,701,2025-12-02,2024-01,2024-01
CUST0848,2023-06-01,Free,Europe,Individual,83.13,3,136,49,0,199,2023-12-17,2023-06,2023-06
CUST0849,2022-08-01,Free,Africa,SMB,31.75,2,577,20,0,641,2024-05-03,2022-08,2022-08
CUST0850,2023-02-01,Pro,North America,SMB,18.32,1,291,65,0,344,2024-01-11,2023-02,2023-02
CUST0851,2024-08-01,Pro,Asia,SMB,65.35,2,188,88,0,227,2025-03-16,2024-08,2024-08
CUST0852,2024-09-01,Free,Asia,Individual,28.81,3,294,50,1,346,2025-08-13,2024-09,2024-09
CUST0853,2023-11-01,Pro,Asia,Individual,37.9,0,497,89,1,540,2025-04-24,2023-11,2023-11
CUST0854,2023-03-01,Pro,North America,Enterprise,56.91,1,231,75,0,293,2023-12-19,2023-03,2023-03
CUST0855,2024-09-01,Basic,Asia,SMB,32.24,2,184,47,1,185,2025-03-05,2024-09,2024-09
CUST0856,2024-01-01,Pro,Europe,Enterprise,30.66,1,42,35,0,120,2024-04-30,2024-01,2024-01
CUST0857,2023-05-01,Basic,Asia,Individual,12.1,2,326,73,0,346,2024-04-11,2023-05,2023-05
CUST0858,2024-09-01,Basic,Europe,SMB,23.65,2,527,72,1,614,2026-05-08,2024-09,2024-09
CUST0859,2022-02-01,Basic,LATAM,SMB,30.31,1,626,31,1,675,2023-12-08,2022-02,2022-02
CUST0860,2023-02-01,Pro,North America,Individual,12.71,1,274,39,1,354,2024-01-21,2023-02,2023-02
CUST0861,2022-06-01,Pro,LATAM,SMB,14.34,0,329,53,0,380,2023-06-16,2022-06,2022-06
CUST0862,2022-06-01,Pro,LATAM,SMB,35.6,1,391,72,0,399,2023-07-05,2022-06,2022-06
CUST0863,2022-03-01,Free,LATAM,Individual,5.0,3,383,83,1,402,2023-04-07,2022-03,2022-03
CUST0864,2022-07-01,Pro,Europe,Individual,19.18,0,550,42,0,632,2024-03-24,2022-07,2022-07
CUST0865,2022-08-01,Pro,Europe,SMB,70.0,3,415,46,1,432,2023-10-07,2022-08,2022-08
CUST0866,2023-03-01,Pro,Africa,Enterprise,28.78,1,341,36,0,424,2024-04-28,2023-03,2023-03
CUST0867,2024-05-01,Pro,North America,Individual,26.53,1,443,67,0,472,2025-08-16,2024-05,2024-05
CUST0868,2024-09-01,Pro,Europe,Individual,28.7,0,307,40,0,371,2025-09-07,2024-09,2024-09
CUST0869,2024-06-01,Basic,Asia,Individual,28.99,4,622,69,0,645,2026-03-08,2024-06,2024-06
CUST0870,2024-03-01,Basic,Asia,SMB,45.35,1,385,59,0,472,2025-06-16,2024-03,2024-03
CUST0871,2024-12-01,Free,North America,Individual,44.09,1,554,22,1,600,2026-07-24,2024-12,2024-12
CUST0872,2024-05-01,Basic,Asia,Enterprise,27.97,1,45,36,1,127,2024-09-05,2024-05,2024-05
CUST0873,2024-09-01,Basic,LATAM,Individual,31.15,3,74,80,0,163,2025-02-11,2024-09,2024-09
CUST0874,2025-01-01,Pro,North America,Individual,58.63,4,350,69,1,393,2026-01-29,2025-01,2025-01
CUST0875,2024-03-01,Free,Africa,SMB,7.81,6,355,25,0,383,2025-03-19,2024-03,2024-03
CUST0876,2024-09-01,Free,North America,Enterprise,33.96,1,177,47,1,253,2025-05-12,2024-09,2024-09
CUST0877,2022-04-01,Pro,Europe,SMB,37.43,1,384,91,0,451,2023-06-26,2022-04,2022-04
CUST0878,2023-10-01,Free,North America,Individual,21.02,6,265,74,0,281,2024-07-08,2023-10,2023-10
CUST0879,2022-02-01,Free,North America,Enterprise,32.93,2,642,77,0,646,2023-11-09,2022-02,2022-02
CUST0880,2022-10-01,Free,Africa,Individual,18.59,2,134,64,0,221,2023-05-10,2022-10,2022-10
CUST0881,2022-05-01,Free,Europe,Enterprise,46.47,1,503,91,1,583,2023-12-05,2022-05,2022-05
CUST0882,2022-10-01,Free,Europe,Individual,10.91,3,425,38,0,474,2024-01-18,2022-10,2022-10
CUST0883,2024-09-01,Basic,North America,SMB,54.12,3,475,48,1,514,2026-01-28,2024-09,2024-09
CUST0884,2023-01-01,Basic,Asia,SMB,33.68,3,635,42,1,680,2024-11-11,2023-01,2023-01
CUST0885,2024-07-01,Pro,Asia,Individual,26.94,3,249,51,0,299,2025-04-26,2024-07,2024-07
CUST0886,2024-12-01,Basic,Europe,Enterprise,16.92,3,471,29,0,481,2026-03-27,2024-12,2024-12
CUST0887,2023-12-01,Pro,Europe,Individual,53.55,1,57,68,1,68,2024-02-07,2023-12,2023-12
CUST0888,2023-03-01,Free,LATAM,Individual,23.27,0,504,84,0,516,2024-07-29,2023-03,2023-03
CUST0889,2024-05-01,Free,Europe,SMB,13.99,0,334,48,0,397,2025-06-02,2024-05,2024-05
CUST0890,2022-08-01,Pro,Europe,Individual,53.93,1,434,78,0,441,2023-10-16,2022-08,2022-08
CUST0891,2022-05-01,Free,North America,SMB,18.72,1,542,64,1,606,2023-12-28,2022-05,2022-05
CUST0892,2024-05-01,Basic,LATAM,Individual,33.3,1,531,86,0,539,2025-10-22,2024-05,2024-05
CUST0893,2022-04-01,Basic,Europe,Individual,49.74,1,377,70,1,378,2023-04-14,2022-04,2022-04
CUST0894,2022-12-01,Basic,Europe,Individual,37.84,5,269,30,1,346,2023-11-12,2022-12,2022-12
CUST0895,2022-02-01,Free,North America,Individual,66.16,3,599,25,0,611,2023-10-05,2022-02,2022-02
CUST0896,2024-03-01,Free,Africa,SMB,19.97,2,366,86,1,367,2025-03-03,2024-03,2024-03
CUST0897,2024-07-01,Basic,North America,SMB,31.21,1,55,81,0,122,2024-10-31,2024-07,2024-07
CUST0898,2024-12-01,Free,LATAM,Enterprise,32.6,1,438,24,0,513,2026-04-28,2024-12,2024-12
CUST0899,2024-12-01,Pro,Europe,Enterprise,46.18,1,106,28,1,153,2025-05-03,2024-12,2024-12
CUST0900,2024-02-01,Pro,North America,Individual,58.2,3,246,47,0,319,2024-12-16,2024-02,2024-02
CUST0901,2024-03-01,Enterprise,LATAM,Individual,36.33,6,357,96,0,359,2025-02-23,2024-03,2024-03
CUST0902,2022-05-01,Free,Europe,Individual,32.52,1,52,57,0,119,2022-08-28,2022-05,2022-05
CUST0903,2023-08-01,Pro,LATAM,Individual,8.31,5,339,62,1,344,2024-07-10,2023-08,2023-08
CUST0904,2022-11-01,Basic,Africa,SMB,37.02,0,628,40,0,714,2024-10-15,2022-11,2022-11
CUST0905,2022-10-01,Basic,LATAM,Individual,23.29,3,296,81,0,300,2023-07-28,2022-10,2022-10
CUST0906,2022-06-01,Free,North America,Individual,46.13,6,444,65,0,446,2023-08-21,2022-06,2022-06
CUST0907,2022-08-01,Pro,LATAM,Enterprise,27.63,2,296,89,0,305,2023-06-02,2022-08,2022-08
CUST0908,2023-11-01,Free,Europe,SMB,30.67,3,362,57,0,404,2024-12-09,2023-11,2023-11
CUST0909,2024-02-01,Basic,LATAM,Individual,8.72,2,479,68,0,497,2025-06-12,2024-02,2024-02
CUST0910,2022-12-01,Free,Asia,Individual,5.0,1,594,94,1,607,2024-07-30,2022-12,2022-12
CUST0911,2024-02-01,Pro,LATAM,Individual,68.5,0,640,58,0,660,2025-11-22,2024-02,2024-02
CUST0912,2023-01-01,Pro,Europe,Enterprise,37.33,1,276,90,0,318,2023-11-15,2023-01,2023-01
CUST0913,2023-06-01,Pro,Europe,Individual,42.28,1,65,49,1,92,2023-09-01,2023-06,2023-06
CUST0914,2024-01-01,Free,North America,Individual,18.58,4,430,40,0,450,2025-03-26,2024-01,2024-01
CUST0915,2024-09-01,Free,LATAM,Individual,50.76,1,57,20,1,92,2024-12-02,2024-09,2024-09
CUST0916,2022-12-01,Basic,Europe,SMB,47.51,3,249,51,0,272,2023-08-30,2022-12,2022-12
CUST0917,2024-12-01,Basic,Europe,Individual,20.56,2,435,27,0,488,2026-04-03,2024-12,2024-12
CUST0918,2022-04-01,Free,LATAM,Enterprise,15.93,1,643,88,0,680,2024-02-10,2022-04,2022-04
CUST0919,2022-05-01,Pro,Asia,Enterprise,21.81,2,300,49,0,316,2023-03-13,2022-05,2022-05
CUST0920,2025-01-01,Enterprise,North America,SMB,34.49,1,540,27,1,561,2026-07-16,2025-01,2025-01
CUST0921,2022-08-01,Pro,Asia,Individual,38.01,0,315,38,0,397,2023-09-02,2022-08,2022-08
CUST0922,2024-04-01,Pro,Europe,Enterprise,35.69,1,483,78,0,527,2025-09-10,2024-04,2024-04
CUST0923,2024-07-01,Enterprise,Europe,SMB,58.38,3,346,74,0,419,2025-08-24,2024-07,2024-07
CUST0924,2022-09-01,Free,North America,Individual,22.13,2,619,49,0,679,2024-07-11,2022-09,2022-09
CUST0925,2024-05-01,Basic,North America,SMB,15.44,0,326,98,0,336,2025-04-02,2024-05,2024-05
CUST0926,2023-02-01,Enterprise,North America,Individual,35.0,2,367,55,0,427,2024-04-03,2023-02,2023-02
CUST0927,2023-10-01,Free,Asia,Individual,5.0,2,336,74,1,373,2024-10-08,2023-10,2023-10
CUST0928,2022-11-01,Pro,North America,SMB,47.52,2,457,63,0,522,2024-04-06,2022-11,2022-11
CUST0929,2023-11-01,Basic,Europe,Individual,36.76,0,380,46,0,412,2024-12-17,2023-11,2023-11
CUST0930,2022-01-01,Basic,Africa,SMB,28.92,1,540,96,0,582,2023-08-06,2022-01,2022-01
CUST0931,2025-01-01,Pro,North America,Individual,27.92,3,554,97,1,584,2026-08-08,2025-01,2025-01
CUST0932,2023-09-01,Enterprise,Europe,Enterprise,51.38,1,521,73,0,555,2025-03-09,2023-09,2023-09
CUST0933,2024-02-01,Pro,LATAM,Enterprise,50.81,0,623,67,0,659,2025-11-21,2024-02,2024-02
CUST0934,2024-12-01,Free,Africa,Enterprise,30.57,2,38,49,1,84,2025-02-23,2024-12,2024-12
CUST0935,2023-11-01,Pro,Asia,Individual,45.65,2,526,58,1,548,2025-05-02,2023-11,2023-11
CUST0936,2022-01-01,Free,Asia,Individual,50.54,0,589,32,0,624,2023-09-17,2022-01,2022-01
CUST0937,2023-03-01,Basic,LATAM,SMB,41.04,2,590,35,1,629,2024-11-19,2023-03,2023-03
CUST0938,2023-09-01,Basic,Europe,Individual,31.3,1,469,63,1,558,2025-03-12,2023-09,2023-09
CUST0939,2022-09-01,Basic,LATAM,Individual,41.86,0,581,90,0,669,2024-07-01,2022-09,2022-09
CUST0940,2022-09-01,Basic,North America,SMB,16.3,2,137,46,1,217,2023-04-06,2022-09,2022-09
CUST0941,2022-10-01,Enterprise,Africa,SMB,36.28,0,274,64,0,288,2023-07-16,2022-10,2022-10
CUST0942,2024-02-01,Pro,Europe,Enterprise,30.8,2,284,54,0,320,2024-12-17,2024-02,2024-02
CUST0943,2024-11-01,Basic,Asia,Individual,27.98,2,62,98,0,65,2025-01-05,2024-11,2024-11
CUST0944,2024-01-01,Free,North America,Individual,5.0,1,52,47,0,73,2024-03-14,2024-01,2024-01
CUST0945,2024-02-01,Enterprise,Asia,Individual,16.5,3,595,26,1,675,2025-12-07,2024-02,2024-02
CUST0946,2022-11-01,Enterprise,North America,Enterprise,26.25,1,78,81,0,99,2023-02-08,2022-11,2022-11
CUST0947,2022-02-01,Pro,LATAM,SMB,51.11,3,491,70,1,571,2023-08-26,2022-02,2022-02
CUST0948,2022-07-01,Free,LATAM,Enterprise,40.14,1,619,65,0,696,2024-05-27,2022-07,2022-07
CUST0949,2023-06-01,Free,North America,Enterprise,51.91,2,365,39,0,442,2024-08-16,2023-06,2023-06
CUST0950,2024-03-01,Free,LATAM,SMB,57.37,3,387,57,0,403,2025-04-08,2024-03,2024-03
CUST0951,2024-10-01,Free,LATAM,SMB,40.93,2,151,80,1,222,2025-05-11,2024-10,2024-10
CUST0952,2024-03-01,Basic,Asia,Individual,37.53,0,473,51,1,562,2025-09-14,2024-03,2024-03
CUST0953,2023-05-01,Enterprise,Europe,SMB,17.49,0,388,45,0,473,2024-08-16,2023-05,2023-05
CUST0954,2023-12-01,Basic,North America,SMB,70.76,1,631,77,0,710,2025-11-10,2023-12,2023-12
CUST0955,2024-01-01,Free,North America,SMB,9.48,2,375,58,0,454,2025-03-30,2024-01,2024-01
CUST0956,2022-07-01,Free,Europe,Enterprise,37.14,2,222,39,1,259,2023-03-17,2022-07,2022-07
CUST0957,2022-06-01,Free,Africa,Enterprise,49.99,4,445,69,1,468,2023-09-12,2022-06,2022-06
CUST0958,2023-12-01,Free,North America,SMB,50.24,0,406,98,1,411,2025-01-15,2023-12,2023-12
CUST0959,2024-09-01,Free,LATAM,SMB,14.21,1,492,71,1,559,2026-03-14,2024-09,2024-09
CUST0960,2024-05-01,Free,Europe,SMB,27.44,5,175,41,0,256,2025-01-12,2024-05,2024-05
CUST0961,2023-10-01,Pro,Europe,Individual,20.62,3,507,72,0,512,2025-02-24,2023-10,2023-10
CUST0962,2024-02-01,Enterprise,LATAM,Individual,5.0,1,437,85,1,462,2025-05-08,2024-02,2024-02
CUST0963,2024-04-01,Basic,LATAM,SMB,37.35,2,315,62,0,355,2025-03-22,2024-04,2024-04
CUST0964,2023-09-01,Basic,Europe,SMB,22.08,2,140,42,0,214,2024-04-02,2023-09,2023-09
CUST0965,2022-07-01,Pro,Europe,Individual,62.1,5,649,96,1,686,2024-05-17,2022-07,2022-07
CUST0966,2023-05-01,Free,Europe,Enterprise,46.07,0,79,83,0,158,2023-10-06,2023-05,2023-05
CUST0967,2023-08-01,Free,North America,Individual,35.75,0,43,28,1,125,2023-12-04,2023-08,2023-08
CUST0968,2023-08-01,Pro,North America,Individual,26.49,2,163,26,0,205,2024-02-22,2023-08,2023-08
CUST0969,2023-10-01,Free,Europe,SMB,37.07,1,617,60,1,669,2025-07-31,2023-10,2023-10
CUST0970,2024-04-01,Basic,Europe,Individual,30.39,2,625,73,0,639,2025-12-31,2024-04,2024-04
CUST0971,2022-07-01,Basic,Asia,Individual,36.25,1,372,84,0,461,2023-10-05,2022-07,2022-07
CUST0972,2022-01-01,Free,Europe,Individual,69.23,2,315,21,1,370,2023-01-06,2022-01,2022-01
CUST0973,2024-08-01,Free,Europe,SMB,15.83,0,343,23,0,398,2025-09-03,2024-08,2024-08
CUST0974,2023-01-01,Pro,Europe,Individual,31.96,1,635,97,1,665,2024-10-27,2023-01,2023-01
CUST0975,2024-06-01,Free,Asia,SMB,47.71,3,326,51,1,408,2025-07-14,2024-06,2024-06
CUST0976,2023-11-01,Free,LATAM,SMB,27.8,0,635,21,1,691,2025-09-22,2023-11,2023-11
CUST0977,2023-07-01,Pro,Europe,Individual,63.45,0,598,83,1,648,2025-04-09,2023-07,2023-07
CUST0978,2024-08-01,Basic,LATAM,Enterprise,47.21,1,193,33,1,216,2025-03-05,2024-08,2024-08
CUST0979,2024-06-01,Free,North America,Individual,22.06,0,526,39,0,583,2026-01-05,2024-06,2024-06
CUST0980,2024-05-01,Pro,Europe,Enterprise,38.67,1,639,68,1,711,2026-04-12,2024-05,2024-05
CUST0981,2024-05-01,Basic,Europe,SMB,22.32,1,45,27,0,131,2024-09-09,2024-05,2024-05
CUST0982,2024-06-01,Pro,Europe,Enterprise,20.66,3,373,82,0,376,2025-06-12,2024-06,2024-06
CUST0983,2023-04-01,Pro,Asia,Individual,32.48,5,107,65,1,116,2023-07-26,2023-04,2023-04
CUST0984,2023-07-01,Basic,LATAM,SMB,57.75,3,375,40,0,437,2024-09-10,2023-07,2023-07
CUST0985,2023-06-01,Basic,North America,Individual,48.42,2,101,51,0,173,2023-11-21,2023-06,2023-06
CUST0986,2022-01-01,Enterprise,Asia,Individual,34.59,1,299,27,0,381,2023-01-17,2022-01,2022-01
CUST0987,2023-02-01,Free,Asia,SMB,49.06,1,316,35,0,330,2023-12-28,2023-02,2023-02
CUST0988,2022-02-01,Pro,North America,Individual,39.84,4,95,59,1,157,2022-07-08,2022-02,2022-02
CUST0989,2024-04-01,Free,North America,SMB,13.94,2,97,46,0,115,2024-07-25,2024-04,2024-04
CUST0990,2024-06-01,Free,Europe,Individual,32.39,3,222,37,0,284,2025-03-12,2024-06,2024-06
CUST0991,2022-04-01,Free,North America,Individual,33.68,1,84,54,1,139,2022-08-18,2022-04,2022-04
CUST0992,2022-01-01,Enterprise,North America,SMB,48.71,1,408,71,0,428,2023-03-05,2022-01,2022-01
CUST0993,2022-08-01,Enterprise,North America,Individual,24.8,2,197,34,0,230,2023-03-19,2022-08,2022-08
CUST0994,2024-05-01,Free,Europe,SMB,18.57,1,438,82,1,454,2025-07-29,2024-05,2024-05
CUST0995,2022-03-01,Free,Asia,SMB,34.18,2,537,72,1,554,2023-09-06,2022-03,2022-03
CUST0996,2024-08-01,Pro,Asia,Enterprise,23.38,5,566,85,1,646,2026-05-09,2024-08,2024-08
CUST0997,2022-10-01,Basic,Africa,Individual,29.18,1,131,50,0,196,2023-04-15,2022-10,2022-10
CUST0998,2022-10-01,Free,Europe,SMB,33.54,3,451,80,1,501,2024-02-14,2022-10,2022-10
CUST0999,2023-07-01,Pro,LATAM,Enterprise,28.11,1,507,83,0,571,2025-01-22,2023-07,2023-07
CUST1000,2024-10-01,Basic,LATAM,SMB,52.34,3,149,53,0,191,2025-04-10,2024-10,2024-10
CUST1001,2024-09-01,Enterprise,Asia,SMB,60.46,2,320,74,0,376,2025-09-12,2024-09,2024-09
CUST1002,2023-11-01,Free,Europe,SMB,50.53,2,517,78,0,526,2025-04-10,2023-11,2023-11
CUST1003,2024-04-01,Basic,LATAM,SMB,5.0,4,190,22,1,226,2024-11-13,2024-04,2024-04
CUST1004,2024-08-01,Basic,North America,SMB,23.44,3,107,36,0,154,2025-01-02,2024-08,2024-08
CUST1005,2022-07-01,Pro,Europe,Individual,31.78,0,67,97,0,135,2022-11-13,2022-07,2022-07
CUST1006,2024-05-01,Basic,Europe,Individual,5.0,3,423,97,0,478,2025-08-22,2024-05,2024-05
CUST1007,2022-08-01,Basic,Asia,Enterprise,19.23,0,470,65,1,545,2024-01-28,2022-08,2022-08
CUST1008,2022-01-01,Free,North America,Individual,31.55,0,569,57,0,604,2023-08-28,2022-01,2022-01
CUST1009,2022-03-01,Pro,Africa,SMB,26.92,2,491,54,0,521,2023-08-04,2022-03,2022-03
CUST1010,2023-12-01,Basic,Asia,Individual,35.16,2,641,20,1,695,2025-10-26,2023-12,2023-12
CUST1011,2023-11-01,Free,Europe,SMB,10.15,0,323,48,0,360,2024-10-26,2023-11,2023-11
CUST1012,2022-08-01,Pro,Africa,Individual,26.71,0,429,23,1,501,2023-12-15,2022-08,2022-08
CUST1013,2025-01-01,Free,Europe,Individual,37.73,5,121,80,1,210,2025-07-30,2025-01,2025-01
CUST1014,2022-03-01,Free,Africa,Enterprise,35.18,3,638,36,0,652,2023-12-13,2022-03,2022-03
CUST1015,2024-09-01,Pro,Europe,Enterprise,43.04,2,35,47,0,50,2024-10-21,2024-09,2024-09
CUST1016,2024-04-01,Basic,North America,SMB,41.99,1,300,69,1,376,2025-04-12,2024-04,2024-04
CUST1017,2022-08-01,Pro,LATAM,SMB,27.67,3,649,27,1,720,2024-07-21,2022-08,2022-08
CUST1018,2024-10-01,Free,Asia,SMB,37.16,0,588,53,0,640,2026-07-03,2024-10,2024-10
CUST1019,2024-11-01,Pro,LATAM,SMB,20.6,0,128,78,0,183,2025-05-03,2024-11,2024-11
CUST1020,2024-08-01,Free,Africa,SMB,30.14,1,555,37,0,561,2026-02-13,2024-08,2024-08
CUST1021,2023-12-01,Basic,LATAM,Individual,16.0,1,223,78,0,279,2024-09-05,2023-12,2023-12
CUST1022,2023-02-01,Enterprise,Asia,SMB,54.18,2,186,46,1,240,2023-09-29,2023-02,2023-02
CUST1023,2024-08-01,Pro,LATAM,SMB,30.08,3,144,35,0,195,2025-02-12,2024-08,2024-08
CUST1024,2023-04-01,Basic,Asia,Enterprise,54.15,2,425,29,1,428,2024-06-02,2023-04,2023-04
CUST1025,2022-04-01,Free,Europe,Individual,40.61,3,551,95,0,593,2023-11-15,2022-04,2022-04
CUST1026,2025-01-01,Pro,LATAM,SMB,19.06,3,243,41,1,282,2025-10-10,2025-01,2025-01
CUST1027,2023-09-01,Basic,North America,SMB,39.52,3,562,35,0,591,2025-04-14,2023-09,2023-09
CUST1028,2023-02-01,Pro,Asia,Individual,49.57,3,44,31,1,53,2023-03-26,2023-02,2023-02
CUST1029,2024-07-01,Pro,LATAM,Individual,33.6,4,448,94,0,454,2025-09-28,2024-07,2024-07
CUST1030,2023-06-01,Free,Asia,Individual,36.33,3,397,70,0,432,2024-08-06,2023-06,2023-06
CUST1031,2022-07-01,Free,Asia,Individual,25.07,2,242,20,1,276,2023-04-03,2022-07,2022-07
CUST1032,2022-10-01,Pro,LATAM,Individual,35.43,0,34,46,1,121,2023-01-30,2022-10,2022-10
CUST1033,2022-07-01,Free,Europe,SMB,39.28,4,260,86,0,298,2023-04-25,2022-07,2022-07
CUST1034,2024-09-01,Free,LATAM,SMB,24.58,5,230,31,1,265,2025-05-24,2024-09,2024-09
CUST1035,2023-11-01,Enterprise,North America,SMB,15.57,4,431,49,0,450,2025-01-24,2023-11,2023-11
CUST1036,2023-09-01,Basic,North America,Enterprise,58.18,1,178,28,1,226,2024-04-14,2023-09,2023-09
CUST1037,2023-07-01,Pro,North America,Individual,45.87,0,613,72,0,671,2025-05-02,2023-07,2023-07
CUST1038,2023-07-01,Basic,Europe,Individual,25.14,2,521,80,1,569,2025-01-20,2023-07,2023-07
CUST1039,2024-12-01,Basic,Europe,SMB,38.95,4,255,73,0,344,2025-11-10,2024-12,2024-12
CUST1040,2024-05-01,Free,LATAM,Individual,8.39,1,615,56,0,640,2026-01-31,2024-05,2024-05
CUST1041,2023-06-01,Free,Europe,Individual,5.0,0,198,84,0,233,2024-01-20,2023-06,2023-06
CUST1042,2022-02-01,Free,Europe,Individual,54.51,1,181,61,1,223,2022-09-12,2022-02,2022-02
CUST1043,2022-01-01,Basic,North America,Individual,39.13,3,253,68,0,295,2022-10-23,2022-01,2022-01
CUST1044,2022-05-01,Pro,Europe,Enterprise,34.14,2,533,23,1,608,2023-12-30,2022-05,2022-05
CUST1045,2023-08-01,Basic,Asia,Individual,39.19,1,579,83,0,611,2025-04-03,2023-08,2023-08
CUST1046,2022-11-01,Basic,North America,SMB,93.07,2,73,98,0,150,2023-03-31,2022-11,2022-11
CUST1047,2022-02-01,Basic,North America,Individual,50.64,2,533,70,0,577,2023-09-01,2022-02,2022-02
CUST1048,2022-03-01,Free,North America,SMB,16.18,2,270,91,1,314,2023-01-09,2022-03,2022-03
CUST1049,2023-11-01,Basic,North America,Individual,5.0,6,380,79,0,467,2025-02-10,2023-11,2023-11
CUST1050,2022-12-01,Free,Europe,SMB,53.98,3,52,98,0,66,2023-02-05,2022-12,2022-12
CUST1051,2023-08-01,Free,North America,Individual,50.41,4,627,50,1,643,2025-05-05,2023-08,2023-08
CUST1052,2022-05-01,Free,Asia,Individual,45.35,3,72,91,1,83,2022-07-23,2022-05,2022-05
CUST1053,2025-01-01,Basic,LATAM,SMB,20.37,1,495,77,0,516,2026-06-01,2025-01,2025-01
CUST1054,2024-06-01,Pro,Europe,Individual,41.54,2,69,23,0,91,2024-08-31,2024-06,2024-06
CUST1055,2022-09-01,Free,Africa,Individual,21.98,2,332,41,1,421,2023-10-27,2022-09,2022-09
CUST1056,2024-10-01,Free,Europe,Individual,46.93,3,204,22,0,281,2025-07-09,2024-10,2024-10
CUST1057,2024-11-01,Basic,Europe,Enterprise,52.69,1,561,98,0,572,2026-05-27,2024-11,2024-11
CUST1058,2023-10-01,Free,Africa,Individual,25.22,1,490,66,1,557,2025-04-10,2023-10,2023-10
CUST1059,2023-12-01,Pro,North America,SMB,55.37,1,222,57,0,272,2024-08-29,2023-12,2023-12
CUST1060,2023-05-01,Basic,Africa,Individual,37.07,2,273,52,0,285,2024-02-10,2023-05,2023-05
CUST1061,2022-10-01,Basic,North America,Individual,43.85,1,309,97,0,365,2023-10-01,2022-10,2022-10
CUST1062,2024-06-01,Basic,Europe,Individual,11.43,2,65,67,0,119,2024-09-28,2024-06,2024-06
CUST1063,2023-11-01,Free,North America,Enterprise,39.18,1,586,84,0,667,2025-08-29,2023-11,2023-11
CUST1064,2024-08-01,Basic,Asia,Individual,22.84,0,569,45,1,596,2026-03-20,2024-08,2024-08
CUST1065,2023-05-01,Basic,Asia,Individual,43.54,3,183,27,1,226,2023-12-13,2023-05,2023-05
CUST1066,2023-05-01,Pro,Asia,Individual,61.41,2,52,69,0,70,2023-07-10,2023-05,2023-05
CUST1067,2023-02-01,Free,Europe,Individual,40.21,0,120,99,1,165,2023-07-16,2023-02,2023-02
CUST1068,2022-09-01,Basic,Europe,Individual,18.78,1,419,57,0,421,2023-10-27,2022-09,2022-09
CUST1069,2022-02-01,Basic,North America,SMB,46.28,1,388,29,0,470,2023-05-17,2022-02,2022-02
CUST1070,2024-01-01,Free,Europe,Individual,42.23,2,579,61,1,598,2025-08-21,2024-01,2024-01
CUST1071,2022-09-01,Basic,Africa,Individual,72.05,3,257,56,0,281,2023-06-09,2022-09,2022-09
CUST1072,2023-10-01,Pro,Europe,SMB,39.57,3,231,45,0,305,2024-08-01,2023-10,2023-10
CUST1073,2022-04-01,Pro,LATAM,Individual,24.46,2,379,31,0,434,2023-06-09,2022-04,2022-04
CUST1074,2024-02-01,Free,LATAM,Individual,48.87,3,67,68,0,147,2024-06-27,2024-02,2024-02
CUST1075,2024-05-01,Pro,Europe,Individual,32.7,3,529,33,0,589,2025-12-11,2024-05,2024-05
CUST1076,2024-10-01,Enterprise,Asia,SMB,36.44,3,72,65,1,126,2025-02-04,2024-10,2024-10
CUST1077,2023-11-01,Pro,North America,Individual,18.29,2,546,54,0,580,2025-06-03,2023-11,2023-11
CUST1078,2025-01-01,Free,North America,SMB,32.8,2,97,48,1,174,2025-06-24,2025-01,2025-01
CUST1079,2022-11-01,Pro,North America,Individual,35.55,1,152,31,1,210,2023-05-30,2022-11,2022-11
CUST1080,2022-06-01,Free,Asia,SMB,32.69,3,365,63,0,403,2023-07-09,2022-06,2022-06
CUST1081,2023-06-01,Enterprise,Europe,Individual,24.36,2,182,85,0,238,2024-01-25,2023-06,2023-06
CUST1082,2023-09-01,Basic,Europe,SMB,40.19,2,191,21,0,273,2024-05-31,2023-09,2023-09
CUST1083,2024-12-01,Free,Europe,Enterprise,18.38,1,243,78,1,309,2025-10-06,2024-12,2024-12
CUST1084,2024-10-01,Pro,Europe,SMB,14.14,0,405,36,1,438,2025-12-13,2024-10,2024-10
CUST1085,2023-05-01,Free,Asia,Individual,47.77,2,472,29,0,512,2024-09-24,2023-05,2023-05
CUST1086,2025-01-01,Enterprise,LATAM,Individual,46.12,1,452,37,0,473,2026-04-19,2025-01,2025-01
CUST1087,2024-01-01,Enterprise,North America,Individual,11.46,2,567,41,1,593,2025-08-16,2024-01,2024-01
CUST1088,2022-12-01,Pro,North America,Individual,5.0,1,259,77,0,279,2023-09-06,2022-12,2022-12
CUST1089,2023-11-01,Free,Asia,Individual,16.84,2,88,72,0,128,2024-03-08,2023-11,2023-11
CUST1090,2023-10-01,Pro,Europe,SMB,32.69,1,125,20,0,155,2024-03-04,2023-10,2023-10
CUST1091,2023-09-01,Free,Asia,Individual,55.78,1,291,80,1,317,2024-07-14,2023-09,2023-09
CUST1092,2024-03-01,Free,Europe,Individual,32.25,3,383,50,0,419,2025-04-24,2024-03,2024-03
CUST1093,2024-07-01,Pro,Europe,SMB,21.15,2,341,50,1,406,2025-08-11,2024-07,2024-07
CUST1094,2022-06-01,Free,North America,SMB,37.67,3,165,85,0,218,2023-01-05,2022-06,2022-06
CUST1095,2024-03-01,Basic,North America,Individual,32.95,2,502,38,0,510,2025-07-24,2024-03,2024-03
CUST1096,2024-10-01,Enterprise,Asia,Enterprise,10.14,1,459,72,0,541,2026-03-26,2024-10,2024-10
CUST1097,2022-12-01,Free,Europe,Individual,10.25,4,566,95,1,607,2024-07-30,2022-12,2022-12
CUST1098,2022-07-01,Free,LATAM,SMB,10.73,1,175,93,0,210,2023-01-27,2022-07,2022-07
CUST1099,2022-10-01,Enterprise,LATAM,SMB,79.64,2,553,41,0,562,2024-04-15,2022-10,2022-10
CUST1100,2023-05-01,Free,Europe,SMB,50.48,3,116,42,1,174,2023-10-22,2023-05,2023-05
CUST1101,2024-02-01,Pro,LATAM,SMB,24.31,7,138,34,0,177,2024-07-27,2024-02,2024-02
CUST1102,2023-09-01,Enterprise,Europe,Individual,54.95,3,452,45,0,505,2025-01-18,2023-09,2023-09
CUST1103,2024-04-01,Enterprise,Europe,Individual,24.77,3,374,22,0,412,2025-05-18,2024-04,2024-04
CUST1104,2022-02-01,Pro,Asia,SMB,54.35,2,295,39,0,301,2022-11-29,2022-02,2022-02
CUST1105,2022-01-01,Free,Europe,Individual,36.45,1,615,59,0,618,2023-09-11,2022-01,2022-01
CUST1106,2024-12-01,Free,Asia,Enterprise,23.14,0,523,58,0,537,2026-05-22,2024-12,2024-12
CUST1107,2024-02-01,Pro,North America,Individual,47.24,2,362,91,1,437,2025-04-13,2024-02,2024-02
CUST1108,2024-05-01,Pro,Asia,Individual,37.48,0,442,37,1,489,2025-09-02,2024-05,2024-05
CUST1109,2023-09-01,Basic,LATAM,Individual,42.17,1,643,60,1,648,2025-06-10,2023-09,2023-09
CUST1110,2022-11-01,Free,LATAM,Individual,38.88,3,220,89,1,292,2023-08-20,2022-11,2022-11
CUST1111,2022-11-01,Free,Asia,SMB,38.69,2,171,46,0,205,2023-05-25,2022-11,2022-11
CUST1112,2024-12-01,Free,Asia,SMB,49.41,5,102,34,0,173,2025-05-23,2024-12,2024-12
CUST1113,2024-11-01,Pro,Asia,SMB,81.51,1,196,56,0,266,2025-07-25,2024-11,2024-11
CUST1114,2024-10-01,Basic,Asia,Enterprise,57.48,3,197,77,1,264,2025-06-22,2024-10,2024-10
CUST1115,2023-12-01,Enterprise,North America,Enterprise,38.95,2,595,24,0,652,2025-09-13,2023-12,2023-12
CUST1116,2023-10-01,Pro,Europe,Enterprise,29.41,2,288,92,0,364,2024-09-29,2023-10,2023-10
CUST1117,2022-05-01,Free,Europe,Individual,31.39,2,468,26,0,486,2023-08-30,2022-05,2022-05
CUST1118,2024-09-01,Basic,Africa,SMB,12.39,2,140,60,0,201,2025-03-21,2024-09,2024-09
CUST1119,2024-12-01,Basic,Europe,Individual,46.96,2,560,29,1,630,2026-08-23,2024-12,2024-12
CUST1120,2023-08-01,Basic,Europe,Individual,16.73,3,319,81,0,328,2024-06-24,2023-08,2023-08
CUST1121,2023-07-01,Pro,Europe,SMB,28.3,1,591,45,0,615,2025-03-07,2023-07,2023-07
CUST1122,2024-11-01,Pro,Asia,Individual,47.07,2,539,87,0,582,2026-06-06,2024-11,2024-11
CUST1123,2023-05-01,Pro,Asia,Individual,30.73,2,204,43,0,261,2024-01-17,2023-05,2023-05
CUST1124,2024-10-01,Free,North America,Individual,26.14,3,331,97,1,355,2025-09-21,2024-10,2024-10
CUST1125,2022-09-01,Free,Europe,Individual,13.45,1,214,60,1,289,2023-06-17,2022-09,2022-09
CUST1126,2024-02-01,Pro,LATAM,Enterprise,56.7,1,368,84,0,407,2025-03-14,2024-02,2024-02
CUST1127,2022-02-01,Free,Europe,Individual,20.0,0,539,36,1,614,2023-10-08,2022-02,2022-02
CUST1128,2022-09-01,Free,North America,Individual,24.45,2,339,43,0,408,2023-10-14,2022-09,2022-09
CUST1129,2022-09-01,Free,Asia,Individual,5.0,0,536,46,1,545,2024-02-28,2022-09,2022-09
CUST1130,2023-05-01,Pro,LATAM,Individual,34.64,2,375,26,0,440,2024-07-14,2023-05,2023-05
CUST1131,2022-01-01,Free,North America,Enterprise,29.0,3,110,92,0,134,2022-05-15,2022-01,2022-01
CUST1132,2024-01-01,Pro,LATAM,Individual,38.27,0,403,31,0,473,2025-04-18,2024-01,2024-01
CUST1133,2024-01-01,Enterprise,LATAM,SMB,13.86,3,185,22,0,271,2024-09-28,2024-01,2024-01
CUST1134,2024-11-01,Free,Europe,SMB,48.22,1,461,98,0,471,2026-02-15,2024-11,2024-11
CUST1135,2022-03-01,Free,Africa,Enterprise,5.0,0,529,29,0,564,2023-09-16,2022-03,2022-03
CUST1136,2025-01-01,Free,LATAM,SMB,33.34,2,176,52,1,224,2025-08-13,2025-01,2025-01
CUST1137,2024-06-01,Pro,LATAM,Enterprise,37.08,1,510,65,0,557,2025-12-10,2024-06,2024-06
CUST1138,2024-10-01,Free,Asia,Individual,36.04,3,464,78,1,550,2026-04-04,2024-10,2024-10
CUST1139,2022-12-01,Basic,North America,Individual,37.84,0,548,71,0,554,2024-06-07,2022-12,2022-12
CUST1140,2023-07-01,Free,North America,Individual,49.2,2,98,25,1,174,2023-12-22,2023-07,2023-07
CUST1141,2025-01-01,Pro,Europe,Enterprise,58.84,2,635,21,1,685,2026-11-17,2025-01,2025-01
CUST1142,2023-05-01,Basic,North America,Individual,32.2,1,215,48,0,231,2023-12-18,2023-05,2023-05
CUST1143,2022-10-01,Pro,Europe,Individual,17.58,2,233,59,0,264,2023-06-22,2022-10,2022-10
CUST1144,2022-12-01,Enterprise,LATAM,Individual,45.09,1,583,80,0,608,2024-07-31,2022-12,2022-12
CUST1145,2023-04-01,Free,LATAM,Individual,29.96,1,42,87,1,63,2023-06-03,2023-04,2023-04
CUST1146,2023-12-01,Pro,Asia,Individual,57.76,0,303,87,0,315,2024-10-11,2023-12,2023-12
CUST1147,2023-07-01,Free,LATAM,Enterprise,24.16,1,327,48,1,338,2024-06-03,2023-07,2023-07
CUST1148,2022-08-01,Pro,LATAM,Individual,19.56,1,80,81,1,150,2022-12-29,2022-08,2022-08
CUST1149,2024-07-01,Pro,Europe,SMB,37.59,1,529,79,1,529,2025-12-12,2024-07,2024-07
CUST1150,2023-09-01,Pro,North America,SMB,5.0,0,398,60,0,430,2024-11-04,2023-09,2023-09
CUST1151,2023-05-01,Free,Europe,Individual,26.59,3,386,84,0,399,2024-06-03,2023-05,2023-05
CUST1152,2023-11-01,Free,Asia,Individual,29.06,0,32,83,0,95,2024-02-04,2023-11,2023-11
CUST1153,2025-01-01,Basic,Europe,Individual,38.97,1,283,98,0,325,2025-11-22,2025-01,2025-01
CUST1154,2023-04-01,Basic,Asia,Individual,17.07,1,504,82,1,561,2024-10-13,2023-04,2023-04
CUST1155,2022-06-01,Free,North America,SMB,19.17,2,535,67,0,575,2023-12-28,2022-06,2022-06
CUST1156,2022-08-01,Basic,Asia,Individual,55.82,3,285,39,0,365,2023-08-01,2022-08,2022-08
CUST1157,2024-01-01,Free,LATAM,Individual,34.76,2,639,56,1,706,2025-12-07,2024-01,2024-01
CUST1158,2023-06-01,Basic,Asia,SMB,50.56,3,179,83,0,217,2024-01-04,2023-06,2023-06
CUST1159,2024-01-01,Pro,Africa,Enterprise,25.25,1,517,24,1,517,2025-06-01,2024-01,2024-01
CUST1160,2022-12-01,Basic,LATAM,Enterprise,34.02,0,308,53,0,348,2023-11-14,2022-12,2022-12
CUST1161,2023-03-01,Free,Africa,Enterprise,38.86,2,88,58,0,132,2023-07-11,2023-03,2023-03
CUST1162,2024-02-01,Basic,Africa,SMB,66.46,0,475,86,0,562,2025-08-16,2024-02,2024-02
CUST1163,2024-02-01,Free,LATAM,Individual,31.08,1,142,81,0,229,2024-09-17,2024-02,2024-02
CUST1164,2024-08-01,Enterprise,Asia,SMB,32.01,2,598,43,1,676,2026-06-08,2024-08,2024-08
CUST1165,2022-10-01,Free,North America,Individual,54.77,0,518,22,0,598,2024-05-21,2022-10,2022-10
CUST1166,2023-04-01,Pro,Europe,SMB,28.16,3,436,90,1,448,2024-06-22,2023-04,2023-04
CUST1167,2022-07-01,Enterprise,Asia,SMB,40.12,1,396,86,0,466,2023-10-10,2022-07,2022-07
CUST1168,2023-05-01,Pro,Europe,Individual,53.2,4,89,98,0,97,2023-08-06,2023-05,2023-05
CUST1169,2023-11-01,Pro,Europe,SMB,24.63,2,358,69,1,420,2024-12-25,2023-11,2023-11
CUST1170,2024-02-01,Pro,Africa,Enterprise,41.13,1,498,48,1,520,2025-07-05,2024-02,2024-02
CUST1171,2023-09-01,Enterprise,LATAM,Individual,66.42,2,596,93,0,649,2025-06-11,2023-09,2023-09
CUST1172,2023-10-01,Basic,LATAM,Enterprise,51.58,3,92,51,0,138,2024-02-16,2023-10,2023-10
CUST1173,2022-07-01,Basic,Europe,Individual,40.13,1,213,58,0,251,2023-03-09,2022-07,2022-07
CUST1174,2023-02-01,Basic,North America,SMB,30.96,2,340,28,0,426,2024-04-02,2023-02,2023-02
CUST1175,2023-03-01,Basic,North America,SMB,24.12,0,567,33,0,592,2024-10-13,2023-03,2023-03
CUST1176,2022-07-01,Basic,Europe,SMB,17.21,3,206,87,1,206,2023-01-23,2022-07,2022-07
CUST1177,2022-09-01,Basic,North America,Enterprise,62.17,0,604,83,0,617,2024-05-10,2022-09,2022-09
CUST1178,2022-08-01,Free,North America,Enterprise,58.68,1,458,39,0,531,2024-01-14,2022-08,2022-08
CUST1179,2023-11-01,Free,Africa,SMB,23.17,0,102,47,1,166,2024-04-15,2023-11,2023-11
CUST1180,2024-05-01,Free,Asia,Individual,41.08,0,196,33,1,264,2025-01-20,2024-05,2024-05
CUST1181,2023-06-01,Free,Europe,Enterprise,37.0,2,254,63,0,320,2024-04-16,2023-06,2023-06
CUST1182,2024-07-01,Free,North America,Individual,56.32,2,606,96,0,654,2026-04-16,2024-07,2024-07
CUST1183,2024-06-01,Basic,Europe,Enterprise,41.89,3,610,58,1,659,2026-03-22,2024-06,2024-06
CUST1184,2024-11-01,Free,North America,Individual,34.59,0,38,47,0,95,2025-02-04,2024-11,2024-11
CUST1185,2023-06-01,Pro,Africa,Individual,25.25,2,265,83,0,317,2024-04-13,2023-06,2023-06
CUST1186,2023-05-01,Free,Europe,SMB,41.14,4,57,51,0,113,2023-08-22,2023-05,2023-05
CUST1187,2023-02-01,Free,Europe,Individual,28.73,0,56,28,0,141,2023-06-22,2023-02,2023-02
CUST1188,2024-07-01,Pro,Europe,Individual,38.97,0,579,47,0,596,2026-02-17,2024-07,2024-07
CUST1189,2023-12-01,Basic,North America,Individual,33.63,1,225,36,0,240,2024-07-28,2023-12,2023-12
CUST1190,2024-11-01,Free,Asia,Individual,28.3,1,232,96,1,233,2025-06-22,2024-11,2024-11
CUST1191,2024-10-01,Pro,Asia,Individual,17.49,2,114,74,0,126,2025-02-04,2024-10,2024-10
CUST1192,2022-03-01,Pro,Asia,Individual,44.26,1,59,29,1,103,2022-06-12,2022-03,2022-03
CUST1193,2025-01-01,Free,North America,Individual,35.77,1,495,99,0,574,2026-07-29,2025-01,2025-01
CUST1194,2024-02-01,Free,Asia,Individual,67.17,1,128,25,1,199,2024-08-18,2024-02,2024-02
CUST1195,2023-11-01,Enterprise,Asia,SMB,16.42,3,219,67,0,261,2024-07-19,2023-11,2023-11
CUST1196,2023-03-01,Basic,LATAM,Individual,46.26,2,41,94,0,112,2023-06-21,2023-03,2023-03
CUST1197,2022-04-01,Basic,Europe,Enterprise,33.51,3,632,86,0,685,2024-02-15,2022-04,2022-04
CUST1198,2024-05-01,Pro,Europe,Enterprise,72.8,1,59,60,0,132,2024-09-10,2024-05,2024-05
CUST1199,2023-10-01,Free,Asia,Individual,44.88,0,67,98,0,97,2024-01-06,2023-10,2023-10
CUST1200,2024-01-01,Basic,Asia,SMB,40.84,3,601,79,0,676,2025-11-07,2024-01,2024-01
